name,country
"Statistics, University of Oxford (stats.ox.ac.uk)",United Kingdom
Steklov Institute of Mathematics (mi-ras.ru),Russia
StepFun Technology Inc. (stepfun.com),United States
Stevens Institute of Technology,United States
Stony Brook University,United States
Sun Yat-Sen University,China
Sun Yat-sen University,China
Sun yat-sen University,China
Sung Kyun Kwan University (skku.edu),South Korea
Sungkyunkwan University,South Korea
Swiss Federal Institute of Technology Lausanne (EPFL),Switzerland
Swiss Federal Institute of Technology (ETH Zurich),Switzerland
THU (Tsinghua University),China
TU Berlin (Technische Universität Berlin),Germany
TU Darmstadt (tu-darmstadt.de),Germany
TU Delft (Delft University of Technology),Netherlands
TU Munich (TUM),Germany
TUM / Helmholtz Munich,Germany
"Tandon School of Engineering, New York University (nyu.edu)",United States
Technical University Munich (tum.de),Germany
Technical University of Denmark (DTU),Denmark
Technical University of Munich,Germany
Technion,Israel
Technion - Israel Institute of Technology,Israel
Technion - Israel Institute of Technology (campus.technion.ac.il),Israel
Technion - Israel Institute of Technology (technion.ac.il),Israel
Technische Universität Berlin (tu-berlin.de),Germany
Technische Universität Chemnitz (tu-chemnitz.de),Germany
Technische Universität Dresden,Germany
Technische Universität München (TUM),Germany
Technische Universität München (tum.de),Germany
Technische Universität Wien (TU Wien),Austria
Tel Aviv University,Israel
Tel Aviv University (tau.ac.il),Israel
Telefónica Scientific Research / Telefónica Innovación Digital (telefonica.com),Spain
Tencent,China
Tencent ARC Lab,China
Tencent Youtu Lab,China
"Tepper School of Business, Carnegie Mellon University (cmu.edu)",United States
Texas A&M University,United States
Texas A&M University - College Station (tamu.edu),United States
Texas A&M University - College Station (alt),United States
The Australian National University (ANU),Australia
The Chinese University of Hong Kong (CUHK),Hong Kong
The Chinese University of Hong Kong (cuhk.edu.hk),Hong Kong
The Chinese University of Hong Kong (link.cuhk.edu.hk),Hong Kong
"The Chinese University of Hong Kong, Shenzhen",China
"The Chinese University of HongKong, ShenZhen (variant)",China
"The Chinese University of HongKong, Shenzhen (cuhk.edu.cn)",China
"The Department of Electrical and Electronic Engineering, The University of Hong Kong (connect.hku.hk)",Hong Kong
The Hebrew University of Jerusalem + Runway,Israel
The Hong Kong Polytechnic University,Hong Kong
The Hong Kong University of Science and Technology (HKUST),Hong Kong
The Hong Kong University of Science and Technology (Guangzhou),China
The Hong Kong University of Science and Technology (Guangzhou) (alt),China
The Hong Kong University of Science and Technology (Guangzhou) (hkust-gz.edu.cn),China
The Hong Kong University of Science and Technology (connect.hkust-gz.edu.cn),China
The Hong Kong University of Science and Technology (connect.ust.hk),Hong Kong
The Hong Kong University of Science and Technology (hkust-gz.edu.cn),China
The Ohio State University,United States
The Pennsylvania State University,United States
"The School of Statistics and Data Science, LPMC & KLMDASR, Nankai University",China
The University of Adelaide,Australia
The University of Edinburgh,United Kingdom
The University of Hong Kong,Hong Kong
The University of Hong Kong (cs.hku.hk),Hong Kong
The University of Hong Kong (variant),Hong Kong
The University of HongKong (variant),Hong Kong
The University of Iowa,United States
The University of Liverpool,United Kingdom
The University of Melbourne,Australia
The University of Melbourne (unimelb.edu.au),Australia
The University of Queensland,Australia
The University of Sydney (University of Sydney),Australia
The University of Texas at Austin (utexas.edu),United States
The University of Tokyo,Japan
The University of Tokyo (u-tokyo.ac.jp),Japan
"Theoretical and Applied Mechanics, Northwestern University (northwestern.edu)",United States
"Thrust of Data Science and Analytics, HKUST (Guangzhou) (hkust-gz.edu.cn)",China
Tianjin University,China
Tianjin University (tju.edu.cn),China
TikTok,China
TikTok (bytedance.com),China
Timaeus (timaeus.co),United States
Tokyo Institute of Technology (titech.ac.jp),Japan
Tongji University (tongji.edu.cn),China
Toronto University (University of Toronto) (utoronto.ca),Canada
Toyota Research Institute (TRI),United States
Toyota Technological Institute at Chicago (TTIC),United States
"Trustworthy AI, International Business Machines (ibm.com)",United States
"Trustworthy and Intelligent Computing Lab (TAIC), University of Maryland, Baltimore County",United States
Tsinghua University,China
Tsinghua University (mails.tsinghua.edu.cn),China
Tsinghua University (thu.edu.cn),China
Tsinghua University (tsinghua.edu.cn),China
Tsinghua University (variant),China
Tsinghua University (mail variant),China
Tsinghua University (tsinghua.edu.cn variant),China
Tufts University (tufts.edu),United States
