author,affiliations,authorship_role,file_name,conference_name,paper_title
Hantian Ding,['AWS AI Labs'],FIRST_AUTHOR,A Static Evaluation of Code Completion by Large Language Models.pdf,,
Varun Kumar,['AWS AI Labs'],CO_AUTHOR,A Static Evaluation of Code Completion by Large Language Models.pdf,,
Yuchen Tian,['AWS AI Labs'],CO_AUTHOR,A Static Evaluation of Code Completion by Large Language Models.pdf,,
Zijian Wang,['AWS AI Labs'],CO_AUTHOR,A Static Evaluation of Code Completion by Large Language Models.pdf,,
Rob Kwiatkowski,['AWS AI Labs'],CO_AUTHOR,A Static Evaluation of Code Completion by Large Language Models.pdf,,
Xiaopeng Li,['AWS AI Labs'],CO_AUTHOR,A Static Evaluation of Code Completion by Large Language Models.pdf,,
Murali Krishna Ramanathan,['AWS AI Labs'],CO_AUTHOR,A Static Evaluation of Code Completion by Large Language Models.pdf,,
Baishakhi Ray,['AWS AI Labs'],CO_AUTHOR,A Static Evaluation of Code Completion by Large Language Models.pdf,,
Parminder Bhatia,['AWS AI Labs'],CO_AUTHOR,A Static Evaluation of Code Completion by Large Language Models.pdf,,
Sudipta Sengupta,['AWS AI Labs'],CO_AUTHOR,A Static Evaluation of Code Completion by Large Language Models.pdf,,
Dan Roth,['AWS AI Labs'],CO_AUTHOR,A Static Evaluation of Code Completion by Large Language Models.pdf,,
Bing Xiang,['AWS AI Labs'],LAST_AUTHOR,A Static Evaluation of Code Completion by Large Language Models.pdf,,
Liang Wang,"['Boston University', 'Department of Mathematics', 'and Statistics']",FIRST_AUTHOR,Accurate Training of Web-based Question Answering Systems with Feedback from Ranked Users.pdf,Proceedings of the 61st Annual Meeting of the Association for Computational Linguistics,
Ivano Lauriola,['Amazon Alexa'],CO_AUTHOR,Accurate Training of Web-based Question Answering Systems with Feedback from Ranked Users.pdf,Proceedings of the 61st Annual Meeting of the Association for Computational Linguistics,
Alessandro Moschitti,['Amazon Alexa'],LAST_AUTHOR,Accurate Training of Web-based Question Answering Systems with Feedback from Ranked Users.pdf,Proceedings of the 61st Annual Meeting of the Association for Computational Linguistics,
Md Tahmid Rahman Laskar,"['Dialpad Canada Inc., Vancouver, BC, Canada']",FIRST_AUTHOR,AI Coach Assist An Automated Approach for Call Recommendation in Contact Centers for Agent Coaching.pdf,Proceedings of the 61st Annual Meeting of the Association for Computational Linguistics,
Cheng Chen,"['Dialpad Canada Inc., Vancouver, BC, Canada']",CO_AUTHOR,AI Coach Assist An Automated Approach for Call Recommendation in Contact Centers for Agent Coaching.pdf,Proceedings of the 61st Annual Meeting of the Association for Computational Linguistics,
Xue-Yong Fu,"['Dialpad Canada Inc., Vancouver, BC, Canada']",CO_AUTHOR,AI Coach Assist An Automated Approach for Call Recommendation in Contact Centers for Agent Coaching.pdf,Proceedings of the 61st Annual Meeting of the Association for Computational Linguistics,
Mahsa Azizi,"['Dialpad Canada Inc., Vancouver, BC, Canada']",CO_AUTHOR,AI Coach Assist An Automated Approach for Call Recommendation in Contact Centers for Agent Coaching.pdf,Proceedings of the 61st Annual Meeting of the Association for Computational Linguistics,
Shashi Bhushan TN,"['Dialpad Canada Inc., Vancouver, BC, Canada']",CO_AUTHOR,AI Coach Assist An Automated Approach for Call Recommendation in Contact Centers for Agent Coaching.pdf,Proceedings of the 61st Annual Meeting of the Association for Computational Linguistics,
Simon Corston-Oliver,"['Dialpad Canada Inc., Vancouver, BC, Canada']",LAST_AUTHOR,AI Coach Assist An Automated Approach for Call Recommendation in Contact Centers for Agent Coaching.pdf,Proceedings of the 61st Annual Meeting of the Association for Computational Linguistics,
Seyed Amin Tabatabaei,['Elsevier'],FIRST_AUTHOR,Annotating Research Infrastructure in Scientific Papers An NLP-driven Approach.pdf,Proceedings of the 61st Annual Meeting of the Association for Computational Linguistics,
Georgios Cheirmpos,['Elsevier'],CO_AUTHOR,Annotating Research Infrastructure in Scientific Papers An NLP-driven Approach.pdf,Proceedings of the 61st Annual Meeting of the Association for Computational Linguistics,
Marius Doornenbal,['Elsevier'],CO_AUTHOR,Annotating Research Infrastructure in Scientific Papers An NLP-driven Approach.pdf,Proceedings of the 61st Annual Meeting of the Association for Computational Linguistics,
Alberto Zigoni,['Elsevier'],CO_AUTHOR,Annotating Research Infrastructure in Scientific Papers An NLP-driven Approach.pdf,Proceedings of the 61st Annual Meeting of the Association for Computational Linguistics,
Veronique Moore,['Elsevier'],CO_AUTHOR,Annotating Research Infrastructure in Scientific Papers An NLP-driven Approach.pdf,Proceedings of the 61st Annual Meeting of the Association for Computational Linguistics,
Georgios Tsatsaronis,['Elsevier'],LAST_AUTHOR,Annotating Research Infrastructure in Scientific Papers An NLP-driven Approach.pdf,Proceedings of the 61st Annual Meeting of the Association for Computational Linguistics,
Pedro Faustini,"['Macquarie University, Sydney, NSW, Australia']",FIRST_AUTHOR,Answering Unanswered Questions through Semantic Reformulations in Spoken QA.pdf,,
Zhiyu Chen,"['Amazon.com, Inc., Seattle, W A, USA']",CO_AUTHOR,Answering Unanswered Questions through Semantic Reformulations in Spoken QA.pdf,,
Besnik Fetahu,"['Amazon.com, Inc., Seattle, W A, USA']",CO_AUTHOR,Answering Unanswered Questions through Semantic Reformulations in Spoken QA.pdf,,
Oleg Rokhlenko,"['Amazon.com, Inc., Seattle, W A, USA']",CO_AUTHOR,Answering Unanswered Questions through Semantic Reformulations in Spoken QA.pdf,,
Shervin Malmasi,"['Amazon.com, Inc., Seattle, W A, USA']",LAST_AUTHOR,Answering Unanswered Questions through Semantic Reformulations in Spoken QA.pdf,,
Markus Nußbaum-Thom,['Apple'],FIRST_AUTHOR,Application-Agnostic Language Modeling for On-Device ASR.pdf,Proceedings of the 61st Annual Meeting of the Association for Computational Linguistics,
Lyan V erwimp,['Apple'],CO_AUTHOR,Application-Agnostic Language Modeling for On-Device ASR.pdf,Proceedings of the 61st Annual Meeting of the Association for Computational Linguistics,
Youssef Oualil,['Apple'],LAST_AUTHOR,Application-Agnostic Language Modeling for On-Device ASR.pdf,Proceedings of the 61st Annual Meeting of the Association for Computational Linguistics,
Megha Sharma,['Amazon'],FIRST_AUTHOR,Automated Digitization of Unstructured Medical Prescriptions.pdf,Proceedings of the 61st Annual Meeting of the Association for Computational Linguistics,
Tushar Vatsal,['Amazon'],FIRST_AUTHOR,Automated Digitization of Unstructured Medical Prescriptions.pdf,Proceedings of the 61st Annual Meeting of the Association for Computational Linguistics,
Srujana Merugu,['Amazon'],CO_AUTHOR,Automated Digitization of Unstructured Medical Prescriptions.pdf,Proceedings of the 61st Annual Meeting of the Association for Computational Linguistics,
Aruna Rajan,['Google'],LAST_AUTHOR,Automated Digitization of Unstructured Medical Prescriptions.pdf,Proceedings of the 61st Annual Meeting of the Association for Computational Linguistics,
Wei Zhu,['East China Normal University'],FIRST_AUTHOR,BADGE Speeding Up BERT Inference after Deployment via Block-wise Bypasses and Divergence-based Early.pdf,Proceedings of the 61st Annual Meeting of the Association for Computational Linguistics,
Peng Wang,['Tomorrow Advancing Life'],CO_AUTHOR,BADGE Speeding Up BERT Inference after Deployment via Block-wise Bypasses and Divergence-based Early.pdf,Proceedings of the 61st Annual Meeting of the Association for Computational Linguistics,
Yuan Ni,['Pingan Health Tech'],CO_AUTHOR,BADGE Speeding Up BERT Inference after Deployment via Block-wise Bypasses and Divergence-based Early.pdf,Proceedings of the 61st Annual Meeting of the Association for Computational Linguistics,
Guotong Xie,['Pingan Health Tech'],CO_AUTHOR,BADGE Speeding Up BERT Inference after Deployment via Block-wise Bypasses and Divergence-based Early.pdf,Proceedings of the 61st Annual Meeting of the Association for Computational Linguistics,
Xiaoling Wang,['East China Normal University'],LAST_AUTHOR,BADGE Speeding Up BERT Inference after Deployment via Block-wise Bypasses and Divergence-based Early.pdf,Proceedings of the 61st Annual Meeting of the Association for Computational Linguistics,
Zekai Chen,"['Bristol-Myers Squibb, NJ, USA']",FIRST_AUTHOR,Boosting Transformers and Language Models for Clinical Prediction in Immunotherapy.pdf,Proceedings of the 61st Annual Meeting of the Association for Computational Linguistics,
Mariann Micsinai Balan,"['Bristol-Myers Squibb, NJ, USA']",CO_AUTHOR,Boosting Transformers and Language Models for Clinical Prediction in Immunotherapy.pdf,Proceedings of the 61st Annual Meeting of the Association for Computational Linguistics,
Kevin Brown,"['Bristol-Myers Squibb, NJ, USA']",LAST_AUTHOR,Boosting Transformers and Language Models for Clinical Prediction in Immunotherapy.pdf,Proceedings of the 61st Annual Meeting of the Association for Computational Linguistics,
Abhinav Goyal,['Flipkart'],FIRST_AUTHOR,Building Accurate Low Latency ASR for Streaming Voice Search in E-commerce.pdf,Proceedings of the 61st Annual Meeting of the Association for Computational Linguistics,
Nikesh Garera,['Flipkart'],LAST_AUTHOR,Building Accurate Low Latency ASR for Streaming Voice Search in E-commerce.pdf,Proceedings of the 61st Annual Meeting of the Association for Computational Linguistics,
Jiapeng Wang,"['South China University of Technology, Guangzhou, China']",FIRST_AUTHOR,CocaCLIP Exploring Distillation of Fully-Connected Knowledge Interaction Graph for Lightweight Text-.pdf,Proceedings of the 61st Annual Meeting of the Association for Computational Linguistics,
Chengyu Wang,"['Alibaba Group, Hangzhou, China']",CO_AUTHOR,CocaCLIP Exploring Distillation of Fully-Connected Knowledge Interaction Graph for Lightweight Text-.pdf,Proceedings of the 61st Annual Meeting of the Association for Computational Linguistics,
Xiaodan Wang,"['Fudan University, Shanghai, China']",CO_AUTHOR,CocaCLIP Exploring Distillation of Fully-Connected Knowledge Interaction Graph for Lightweight Text-.pdf,Proceedings of the 61st Annual Meeting of the Association for Computational Linguistics,
Jun Huang,"['Alibaba Group, Hangzhou, China']",CO_AUTHOR,CocaCLIP Exploring Distillation of Fully-Connected Knowledge Interaction Graph for Lightweight Text-.pdf,Proceedings of the 61st Annual Meeting of the Association for Computational Linguistics,
Lianwen Jin,"['South China University of Technology, Guangzhou, China']",FIRST_AUTHOR / LAST_AUTHOR,CocaCLIP Exploring Distillation of Fully-Connected Knowledge Interaction Graph for Lightweight Text-.pdf,Proceedings of the 61st Annual Meeting of the Association for Computational Linguistics,
Guy Horowitz,['Technion – Israel Institute of Technology'],FIRST_AUTHOR,Consistent Text Categorization using Data Augmentation in e-Commerce.pdf,Proceedings of the 61st Annual Meeting of the Association for Computational Linguistics,
Stav Yanovsky Daye,['Yahoo Research'],CO_AUTHOR,Consistent Text Categorization using Data Augmentation in e-Commerce.pdf,Proceedings of the 61st Annual Meeting of the Association for Computational Linguistics,
Noa Avigdor-Elgrabli,['Yahoo Research'],CO_AUTHOR,Consistent Text Categorization using Data Augmentation in e-Commerce.pdf,Proceedings of the 61st Annual Meeting of the Association for Computational Linguistics,
Ariel Raviv,['Yahoo Research'],LAST_AUTHOR,Consistent Text Categorization using Data Augmentation in e-Commerce.pdf,Proceedings of the 61st Annual Meeting of the Association for Computational Linguistics,
Mohammad Kachuee,['Amazon Alexa AI'],FIRST_AUTHOR,Constrained Policy Optimization for Controlled Self-Learning in Conversational AI Systems.pdf,,
Sungjin Lee,['Amazon Alexa AI'],LAST_AUTHOR,Constrained Policy Optimization for Controlled Self-Learning in Conversational AI Systems.pdf,,
Sankha Subhra Mullick,"['LinkedIn, India']",FIRST_AUTHOR,Content Moderation for Evolving Policies using Binary Question Answering.pdf,Proceedings of the 61st Annual Meeting of the Association for Computational Linguistics,
Mohan Premchand Bhambhani,"['LinkedIn, India']",CO_AUTHOR,Content Moderation for Evolving Policies using Binary Question Answering.pdf,Proceedings of the 61st Annual Meeting of the Association for Computational Linguistics,
Suhit Sinha,"['LinkedIn, India']",CO_AUTHOR,Content Moderation for Evolving Policies using Binary Question Answering.pdf,Proceedings of the 61st Annual Meeting of the Association for Computational Linguistics,
Akshat Mathur,"['LinkedIn, India']",CO_AUTHOR,Content Moderation for Evolving Policies using Binary Question Answering.pdf,Proceedings of the 61st Annual Meeting of the Association for Computational Linguistics,
Somya Gupta,"['LinkedIn, India']",CO_AUTHOR,Content Moderation for Evolving Policies using Binary Question Answering.pdf,Proceedings of the 61st Annual Meeting of the Association for Computational Linguistics,
Jidnya Shah,"['LinkedIn, India']",LAST_AUTHOR,Content Moderation for Evolving Policies using Binary Question Answering.pdf,Proceedings of the 61st Annual Meeting of the Association for Computational Linguistics,
Simiao Zuo,['Georgia Institute of Technology'],FIRST_AUTHOR,Context-Aware Query Rewriting for Improving Users’ Search Experience on E-commerce Websites.pdf,Proceedings of the 61st Annual Meeting of the Association for Computational Linguistics,
Qingyu Yin,['Amazon'],CO_AUTHOR,Context-Aware Query Rewriting for Improving Users’ Search Experience on E-commerce Websites.pdf,Proceedings of the 61st Annual Meeting of the Association for Computational Linguistics,
Haoming Jiang,['Amazon'],CO_AUTHOR,Context-Aware Query Rewriting for Improving Users’ Search Experience on E-commerce Websites.pdf,Proceedings of the 61st Annual Meeting of the Association for Computational Linguistics,
Shaohui Xi,['Amazon'],CO_AUTHOR,Context-Aware Query Rewriting for Improving Users’ Search Experience on E-commerce Websites.pdf,Proceedings of the 61st Annual Meeting of the Association for Computational Linguistics,
Bing Yin,['Amazon'],CO_AUTHOR,Context-Aware Query Rewriting for Improving Users’ Search Experience on E-commerce Websites.pdf,Proceedings of the 61st Annual Meeting of the Association for Computational Linguistics,
Chao Zhang,['Georgia Institute of Technology'],CO_AUTHOR,Context-Aware Query Rewriting for Improving Users’ Search Experience on E-commerce Websites.pdf,Proceedings of the 61st Annual Meeting of the Association for Computational Linguistics,
Tuo Zhao,['Georgia Institute of Technology'],LAST_AUTHOR,Context-Aware Query Rewriting for Improving Users’ Search Experience on E-commerce Websites.pdf,Proceedings of the 61st Annual Meeting of the Association for Computational Linguistics,
Arindam Bhattacharya,"['Amazon, India']",FIRST_AUTHOR,CUPID Curriculum Learning Based Real-Time Prediction using Distillation.pdf,Proceedings of the 61st Annual Meeting of the Association for Computational Linguistics,
Ankith MS,"['Amazon, India']",CO_AUTHOR,CUPID Curriculum Learning Based Real-Time Prediction using Distillation.pdf,Proceedings of the 61st Annual Meeting of the Association for Computational Linguistics,
Ankit Gandhi,"['Amazon, India']",CO_AUTHOR,CUPID Curriculum Learning Based Real-Time Prediction using Distillation.pdf,Proceedings of the 61st Annual Meeting of the Association for Computational Linguistics,
Vijay Huddar,"['Amazon, India']",CO_AUTHOR,CUPID Curriculum Learning Based Real-Time Prediction using Distillation.pdf,Proceedings of the 61st Annual Meeting of the Association for Computational Linguistics,
Atul Saroop,"['Amazon, India']",CO_AUTHOR,CUPID Curriculum Learning Based Real-Time Prediction using Distillation.pdf,Proceedings of the 61st Annual Meeting of the Association for Computational Linguistics,
Rahul Bhagat,"['Amazon, USA']",LAST_AUTHOR,CUPID Curriculum Learning Based Real-Time Prediction using Distillation.pdf,Proceedings of the 61st Annual Meeting of the Association for Computational Linguistics,
Dedong Li,['SenseTime Research'],FIRST_AUTHOR,CWSeg An Efficient and General Approach to Chinese Word Segmentation.pdf,Proceedings of the 61st Annual Meeting of the Association for Computational Linguistics,
Rui Zhao,['SenseTime Research'],CO_AUTHOR,CWSeg An Efficient and General Approach to Chinese Word Segmentation.pdf,Proceedings of the 61st Annual Meeting of the Association for Computational Linguistics,
Fei Tan,['SenseTime Research'],FIRST_AUTHOR / LAST_AUTHOR,CWSeg An Efficient and General Approach to Chinese Word Segmentation.pdf,Proceedings of the 61st Annual Meeting of the Association for Computational Linguistics,
Paul Darm,"['Mechanical and Aerospace Engineering, University of Strathclyde']",FIRST_AUTHOR,DISCOSQA A Knowledge Base Question Answering System for Space Debris based on Program Induction.pdf,Proceedings of the 61st Annual Meeting of the Association for Computational Linguistics,
Antonio Valerio Miceli-Barone,"['School of Informatics, University of Edinburgh']",CO_AUTHOR,DISCOSQA A Knowledge Base Question Answering System for Space Debris based on Program Induction.pdf,Proceedings of the 61st Annual Meeting of the Association for Computational Linguistics,
Shay B. Cohen,"['School of Informatics, University of Edinburgh']",CO_AUTHOR,DISCOSQA A Knowledge Base Question Answering System for Space Debris based on Program Induction.pdf,Proceedings of the 61st Annual Meeting of the Association for Computational Linguistics,
Annalisa Riccardi,"['Mechanical and Aerospace Engineering, University of Strathclyde']",LAST_AUTHOR,DISCOSQA A Knowledge Base Question Answering System for Space Debris based on Program Induction.pdf,Proceedings of the 61st Annual Meeting of the Association for Computational Linguistics,
Alice Johnson,"['Department of Computer Science, University A, Country X']",FIRST_AUTHOR,Distilled Language Models are economically efficient for the enterprise. …mostly..pdf,,
Bob Smith,"['Department of Electrical Engineering, University B, Country Y']",CO_AUTHOR,Distilled Language Models are economically efficient for the enterprise. …mostly..pdf,,
Carol White,"['School of Informatics, University C, Country Z']",CO_AUTHOR,Distilled Language Models are economically efficient for the enterprise. …mostly..pdf,,
David Brown,"['School of Informatics, University C, Country Z']",LAST_AUTHOR,Distilled Language Models are economically efficient for the enterprise. …mostly..pdf,,
Mateusz Wójcik,"['Wroclaw University of Science and Technology', 'Alphamoon Ltd., Wrocław']",FIRST_AUTHOR,Domain-Agnostic Neural Architecture for Class Incremental Continual Learning in Document Processing .pdf,Proceedings of the 61st Annual Meeting of the Association for Computational Linguistics,
Witold Ko´sciukiewicz,"['Wroclaw University of Science and Technology', 'Alphamoon Ltd., Wrocław']",CO_AUTHOR,Domain-Agnostic Neural Architecture for Class Incremental Continual Learning in Document Processing .pdf,Proceedings of the 61st Annual Meeting of the Association for Computational Linguistics,
Mateusz Baran,"['Wroclaw University of Science and Technology', 'Alphamoon Ltd., Wrocław']",CO_AUTHOR,Domain-Agnostic Neural Architecture for Class Incremental Continual Learning in Document Processing .pdf,Proceedings of the 61st Annual Meeting of the Association for Computational Linguistics,
Tomasz Kajdanowicz,"['Wroclaw University of Science and Technology', 'Alphamoon Ltd., Wrocław']",CO_AUTHOR,Domain-Agnostic Neural Architecture for Class Incremental Continual Learning in Document Processing .pdf,Proceedings of the 61st Annual Meeting of the Association for Computational Linguistics,
Adam Gonczarek,"['Alphamoon Ltd., Wrocław']",LAST_AUTHOR,Domain-Agnostic Neural Architecture for Class Incremental Continual Learning in Document Processing .pdf,Proceedings of the 61st Annual Meeting of the Association for Computational Linguistics,
Mandar Kulkarni,['Flipkart Data Science'],FIRST_AUTHOR,Domain-specific transformer models for query translation.pdf,Proceedings of the 61st Annual Meeting of the Association for Computational Linguistics,
Nikesh Garera,['Flipkart Data Science'],CO_AUTHOR,Domain-specific transformer models for query translation.pdf,Proceedings of the 61st Annual Meeting of the Association for Computational Linguistics,
Anusua Trivedi,['Flipkart Data Science'],LAST_AUTHOR,Domain-specific transformer models for query translation.pdf,Proceedings of the 61st Annual Meeting of the Association for Computational Linguistics,
Jonathan Rubin,"['Amazon Alexa AI, USA']",FIRST_AUTHOR,Entity Contrastive Learning in a Large-Scale Virtual Assistant System.pdf,,
Jason Crowley,"['Amazon Alexa AI, USA']",CO_AUTHOR,Entity Contrastive Learning in a Large-Scale Virtual Assistant System.pdf,,
George Leung,"['Novo Nordisk A/S, USA']",CO_AUTHOR,Entity Contrastive Learning in a Large-Scale Virtual Assistant System.pdf,,
Morteza Ziyadi,"['Amazon Alexa AI, USA']",CO_AUTHOR,Entity Contrastive Learning in a Large-Scale Virtual Assistant System.pdf,,
Maria Minakova,"['Amazon Alexa AI, USA']",LAST_AUTHOR,Entity Contrastive Learning in a Large-Scale Virtual Assistant System.pdf,,
Ehsan Kamalloo,"['David R. Cheriton School of Computer Science, University of Waterloo']",FIRST_AUTHOR,Evaluating Embedding APIs for Information Retrieval.pdf,Proceedings of the 61st Annual Meeting of the Association for Computational Linguistics,
Xinyu Zhang,"['David R. Cheriton School of Computer Science, University of Waterloo']",FIRST_AUTHOR,Evaluating Embedding APIs for Information Retrieval.pdf,Proceedings of the 61st Annual Meeting of the Association for Computational Linguistics,
Odunayo Ogundepo,"['David R. Cheriton School of Computer Science, University of Waterloo']",FIRST_AUTHOR,Evaluating Embedding APIs for Information Retrieval.pdf,Proceedings of the 61st Annual Meeting of the Association for Computational Linguistics,
Nandan Thakur,"['David R. Cheriton School of Computer Science, University of Waterloo']",FIRST_AUTHOR,Evaluating Embedding APIs for Information Retrieval.pdf,Proceedings of the 61st Annual Meeting of the Association for Computational Linguistics,
David Alfonso-Hermelo,['Huawei Noah’s Ark Lab'],CO_AUTHOR,Evaluating Embedding APIs for Information Retrieval.pdf,Proceedings of the 61st Annual Meeting of the Association for Computational Linguistics,
Mehdi Rezagholizadeh,['Huawei Noah’s Ark Lab'],CO_AUTHOR,Evaluating Embedding APIs for Information Retrieval.pdf,Proceedings of the 61st Annual Meeting of the Association for Computational Linguistics,
Jimmy Lin,"['David R. Cheriton School of Computer Science, University of Waterloo']",LAST_AUTHOR,Evaluating Embedding APIs for Information Retrieval.pdf,Proceedings of the 61st Annual Meeting of the Association for Computational Linguistics,
Yanan Zhang,['Tencent Inc.'],FIRST_AUTHOR,Event-Centric Query Expansion in Web Search.pdf,Proceedings of the 61st Annual Meeting of the Association for Computational Linguistics,
Weijie Cui,['University of Science and Technology of China'],FIRST_AUTHOR,Event-Centric Query Expansion in Web Search.pdf,Proceedings of the 61st Annual Meeting of the Association for Computational Linguistics,
Yangfan Zhang,['Tencent Inc.'],CO_AUTHOR,Event-Centric Query Expansion in Web Search.pdf,Proceedings of the 61st Annual Meeting of the Association for Computational Linguistics,
Xiaoling Bai,['Tencent Inc.'],CO_AUTHOR,Event-Centric Query Expansion in Web Search.pdf,Proceedings of the 61st Annual Meeting of the Association for Computational Linguistics,
Zhe Zhang,"['Tencent Inc.', 'University of Science and Technology of China']",CO_AUTHOR,Event-Centric Query Expansion in Web Search.pdf,Proceedings of the 61st Annual Meeting of the Association for Computational Linguistics,
Jin Ma,['University of Science and Technology of China'],CO_AUTHOR,Event-Centric Query Expansion in Web Search.pdf,Proceedings of the 61st Annual Meeting of the Association for Computational Linguistics,
Xiang Chen,['Tencent Inc.'],CO_AUTHOR,Event-Centric Query Expansion in Web Search.pdf,Proceedings of the 61st Annual Meeting of the Association for Computational Linguistics,
Tianhua Zhou,['Tencent Inc.'],LAST_AUTHOR,Event-Centric Query Expansion in Web Search.pdf,Proceedings of the 61st Annual Meeting of the Association for Computational Linguistics,
Kamer Ali Yuksel,"['aiXplain Inc., 16535 Grant Bishop Lane, Los Gatos, CA 95032, US']",FIRST_AUTHOR,EvolveMT an Ensemble MT Engine Improving Itself with Usage Only.pdf,Proceedings of the 61st Annual Meeting of the Association for Computational Linguistics,
Ahmet Gunduz,"['aiXplain Inc., 16535 Grant Bishop Lane, Los Gatos, CA 95032, US']",CO_AUTHOR,EvolveMT an Ensemble MT Engine Improving Itself with Usage Only.pdf,Proceedings of the 61st Annual Meeting of the Association for Computational Linguistics,
Mohamed Al-Badrashiny,"['aiXplain Inc., 16535 Grant Bishop Lane, Los Gatos, CA 95032, US']",CO_AUTHOR,EvolveMT an Ensemble MT Engine Improving Itself with Usage Only.pdf,Proceedings of the 61st Annual Meeting of the Association for Computational Linguistics,
Shreyas Sharma,"['aiXplain Inc., 16535 Grant Bishop Lane, Los Gatos, CA 95032, US']",CO_AUTHOR,EvolveMT an Ensemble MT Engine Improving Itself with Usage Only.pdf,Proceedings of the 61st Annual Meeting of the Association for Computational Linguistics,
Hassan Sawaf,"['aiXplain Inc., 16535 Grant Bishop Lane, Los Gatos, CA 95032, US']",LAST_AUTHOR,EvolveMT an Ensemble MT Engine Improving Itself with Usage Only.pdf,Proceedings of the 61st Annual Meeting of the Association for Computational Linguistics,
Soham Parikh,"['ServiceNow, Inc.']",FIRST_AUTHOR,Exploring Zero and Few-shot Techniques for Intent Classification.pdf,Proceedings of the 61st Annual Meeting of the Association for Computational Linguistics,
Prashil Tumbade,"['ServiceNow, Inc.']",CO_AUTHOR,Exploring Zero and Few-shot Techniques for Intent Classification.pdf,Proceedings of the 61st Annual Meeting of the Association for Computational Linguistics,
Quaizar Vohra,"['ServiceNow, Inc.']",CO_AUTHOR,Exploring Zero and Few-shot Techniques for Intent Classification.pdf,Proceedings of the 61st Annual Meeting of the Association for Computational Linguistics,
Mitul Tiwari,"['ServiceNow, Inc.']",LAST_AUTHOR,Exploring Zero and Few-shot Techniques for Intent Classification.pdf,Proceedings of the 61st Annual Meeting of the Association for Computational Linguistics,
Xiaodan Wang,"['Shanghai Key Laboratory of Data Science, School of Computer Science, Fudan University']",FIRST_AUTHOR,FashionKLIP Enhancing E-Commerce Image-Text Retrieval with Fashion Multi-Modal Conceptual Knowledge .pdf,Proceedings of the 61st Annual Meeting of the Association for Computational Linguistics,
Chengyu Wang,"['Alibaba Group, Hangzhou, China']",CO_AUTHOR,FashionKLIP Enhancing E-Commerce Image-Text Retrieval with Fashion Multi-Modal Conceptual Knowledge .pdf,Proceedings of the 61st Annual Meeting of the Association for Computational Linguistics,
Lei Li,"['East China Normal University, Shanghai, China']",CO_AUTHOR,FashionKLIP Enhancing E-Commerce Image-Text Retrieval with Fashion Multi-Modal Conceptual Knowledge .pdf,Proceedings of the 61st Annual Meeting of the Association for Computational Linguistics,
Zhixu Li,"['Shanghai Key Laboratory of Data Science, School of Computer Science, Fudan University']",CO_AUTHOR,FashionKLIP Enhancing E-Commerce Image-Text Retrieval with Fashion Multi-Modal Conceptual Knowledge .pdf,Proceedings of the 61st Annual Meeting of the Association for Computational Linguistics,
Ben Chen,"['Alibaba Group, Hangzhou, China']",CO_AUTHOR,FashionKLIP Enhancing E-Commerce Image-Text Retrieval with Fashion Multi-Modal Conceptual Knowledge .pdf,Proceedings of the 61st Annual Meeting of the Association for Computational Linguistics,
Linbo Jin,"['Alibaba Group, Hangzhou, China']",CO_AUTHOR,FashionKLIP Enhancing E-Commerce Image-Text Retrieval with Fashion Multi-Modal Conceptual Knowledge .pdf,Proceedings of the 61st Annual Meeting of the Association for Computational Linguistics,
Jun Huang,"['Alibaba Group, Hangzhou, China']",CO_AUTHOR,FashionKLIP Enhancing E-Commerce Image-Text Retrieval with Fashion Multi-Modal Conceptual Knowledge .pdf,Proceedings of the 61st Annual Meeting of the Association for Computational Linguistics,
Yanghua Xiao,"['Shanghai Key Laboratory of Data Science, School of Computer Science, Fudan University']",CO_AUTHOR,FashionKLIP Enhancing E-Commerce Image-Text Retrieval with Fashion Multi-Modal Conceptual Knowledge .pdf,Proceedings of the 61st Annual Meeting of the Association for Computational Linguistics,
Ming Gao,"['East China Normal University, Shanghai, China']",LAST_AUTHOR,FashionKLIP Enhancing E-Commerce Image-Text Retrieval with Fashion Multi-Modal Conceptual Knowledge .pdf,Proceedings of the 61st Annual Meeting of the Association for Computational Linguistics,
Zheng Xu,['client devices server engineer model deployment federated training model development admin Cross-device Federated Learning'],FIRST_AUTHOR / LAST_AUTHOR,Federated Learning of Gboard Language Models with Differential Privacy.pdf,,
Zhiyu Chen,"['Amazon.com, Inc. Seattle, WA, USA']",FIRST_AUTHOR,Generate-then-Retrieve Intent-Aware FAQ Retrieval in Product Search.pdf,Proceedings of the 61st Annual Meeting of the Association for Computational Linguistics,
Jason Choi,"['Amazon.com, Inc. Seattle, WA, USA']",CO_AUTHOR,Generate-then-Retrieve Intent-Aware FAQ Retrieval in Product Search.pdf,Proceedings of the 61st Annual Meeting of the Association for Computational Linguistics,
Besnik Fetahu,"['Amazon.com, Inc. Seattle, WA, USA']",CO_AUTHOR,Generate-then-Retrieve Intent-Aware FAQ Retrieval in Product Search.pdf,Proceedings of the 61st Annual Meeting of the Association for Computational Linguistics,
Oleg Rokhlenko,"['Amazon.com, Inc. Seattle, WA, USA']",CO_AUTHOR,Generate-then-Retrieve Intent-Aware FAQ Retrieval in Product Search.pdf,Proceedings of the 61st Annual Meeting of the Association for Computational Linguistics,
Shervin Malmasi,"['Amazon.com, Inc. Seattle, WA, USA']",LAST_AUTHOR,Generate-then-Retrieve Intent-Aware FAQ Retrieval in Product Search.pdf,Proceedings of the 61st Annual Meeting of the Association for Computational Linguistics,
Shicheng Tan,['Anhui University'],FIRST_AUTHOR,GKD A General Knowledge Distillation Framework for Large-scale Pre-trained Language Model.pdf,Proceedings of the 61st Annual Meeting of the Association for Computational Linguistics,
Weng Lam Tam,['Zhipu.AI'],CO_AUTHOR,GKD A General Knowledge Distillation Framework for Large-scale Pre-trained Language Model.pdf,Proceedings of the 61st Annual Meeting of the Association for Computational Linguistics,
Yuanchun Wang,['Renmin University of China'],CO_AUTHOR,GKD A General Knowledge Distillation Framework for Large-scale Pre-trained Language Model.pdf,Proceedings of the 61st Annual Meeting of the Association for Computational Linguistics,
Wenwen Gong,['Tsinghua University'],CO_AUTHOR,GKD A General Knowledge Distillation Framework for Large-scale Pre-trained Language Model.pdf,Proceedings of the 61st Annual Meeting of the Association for Computational Linguistics,
Shu Zhao,['Anhui University'],FIRST_AUTHOR,GKD A General Knowledge Distillation Framework for Large-scale Pre-trained Language Model.pdf,Proceedings of the 61st Annual Meeting of the Association for Computational Linguistics,
Peng Zhang,['Zhipu.AI'],CO_AUTHOR,GKD A General Knowledge Distillation Framework for Large-scale Pre-trained Language Model.pdf,Proceedings of the 61st Annual Meeting of the Association for Computational Linguistics,
Jie Tang,['Tsinghua University'],LAST_AUTHOR,GKD A General Knowledge Distillation Framework for Large-scale Pre-trained Language Model.pdf,Proceedings of the 61st Annual Meeting of the Association for Computational Linguistics,
Chikara Hashimoto,"['Rakuten Institute of Technology, Rakuten Group, Inc.']",FIRST_AUTHOR,Hunt for Buried Treasures Extracting Unclaimed Embodiments from Patent Specifications.pdf,Proceedings of the 61st Annual Meeting of the Association for Computational Linguistics,
Gautam Kumar,"['Rakuten Institute of Technology, Rakuten Group, Inc.']",FIRST_AUTHOR,Hunt for Buried Treasures Extracting Unclaimed Embodiments from Patent Specifications.pdf,Proceedings of the 61st Annual Meeting of the Association for Computational Linguistics,
Shuichiro Hashimoto,"['Rakuten Institute of Technology, Rakuten Group, Inc.']",FIRST_AUTHOR,Hunt for Buried Treasures Extracting Unclaimed Embodiments from Patent Specifications.pdf,Proceedings of the 61st Annual Meeting of the Association for Computational Linguistics,
Jun Suzuki,"['Center for Data-driven Science and Artificial Intelligence, Tohoku University']",LAST_AUTHOR,Hunt for Buried Treasures Extracting Unclaimed Embodiments from Patent Specifications.pdf,Proceedings of the 61st Annual Meeting of the Association for Computational Linguistics,
Dongju Park,['NAVER Cloud'],FIRST_AUTHOR,HyperT5 Towards Compute-Efficient Korean Language Modeling.pdf,Proceedings of the 61st Annual Meeting of the Association for Computational Linguistics,
Soonwon Ka,['NAVER Cloud'],FIRST_AUTHOR,HyperT5 Towards Compute-Efficient Korean Language Modeling.pdf,Proceedings of the 61st Annual Meeting of the Association for Computational Linguistics,
Kang Min Yoo,"['NAVER Cloud', 'Seoul National University']",FIRST_AUTHOR,HyperT5 Towards Compute-Efficient Korean Language Modeling.pdf,Proceedings of the 61st Annual Meeting of the Association for Computational Linguistics,
Gichang Lee,[],CO_AUTHOR,HyperT5 Towards Compute-Efficient Korean Language Modeling.pdf,Proceedings of the 61st Annual Meeting of the Association for Computational Linguistics,
Jaewook Kang,[],LAST_AUTHOR,HyperT5 Towards Compute-Efficient Korean Language Modeling.pdf,Proceedings of the 61st Annual Meeting of the Association for Computational Linguistics,
Changlin Yang,['Ant Group'],FIRST_AUTHOR,Improving Knowledge Production Efficiency With Question Answering on Conversation.pdf,Proceedings of the 61st Annual Meeting of the Association for Computational Linguistics,
Siye Liu,['Ant Group'],CO_AUTHOR,Improving Knowledge Production Efficiency With Question Answering on Conversation.pdf,Proceedings of the 61st Annual Meeting of the Association for Computational Linguistics,
Sen Hu,['Ant Group'],CO_AUTHOR,Improving Knowledge Production Efficiency With Question Answering on Conversation.pdf,Proceedings of the 61st Annual Meeting of the Association for Computational Linguistics,
Wangshu Zhang,['Ant Group'],CO_AUTHOR,Improving Knowledge Production Efficiency With Question Answering on Conversation.pdf,Proceedings of the 61st Annual Meeting of the Association for Computational Linguistics,
Teng Xu,['Ant Group'],CO_AUTHOR,Improving Knowledge Production Efficiency With Question Answering on Conversation.pdf,Proceedings of the 61st Annual Meeting of the Association for Computational Linguistics,
Jing Zheng,['Ant Group'],LAST_AUTHOR,Improving Knowledge Production Efficiency With Question Answering on Conversation.pdf,Proceedings of the 61st Annual Meeting of the Association for Computational Linguistics,
Maxime Prieur,"['Airbus Defence and Space, 1 Bd Jean Moulin, 78990 Elancourt, France', 'CNAM, 292 rue Saint-Martin, 75003 Paris, France']",FIRST_AUTHOR,K-pop and fake facts from texts to smart alerting for maritime security.pdf,Proceedings of the 61st Annual Meeting of the Association for Computational Linguistics,
Souhir Gahbiche,"['Airbus Defence and Space, 1 Bd Jean Moulin, 78990 Elancourt, France']",CO_AUTHOR,K-pop and fake facts from texts to smart alerting for maritime security.pdf,Proceedings of the 61st Annual Meeting of the Association for Computational Linguistics,
Guillaume Gadek,"['Airbus Defence and Space, 1 Bd Jean Moulin, 78990 Elancourt, France']",CO_AUTHOR,K-pop and fake facts from texts to smart alerting for maritime security.pdf,Proceedings of the 61st Annual Meeting of the Association for Computational Linguistics,
Sylvain Gatepaille,"['Airbus Defence and Space, 1 Bd Jean Moulin, 78990 Elancourt, France']",CO_AUTHOR,K-pop and fake facts from texts to smart alerting for maritime security.pdf,Proceedings of the 61st Annual Meeting of the Association for Computational Linguistics,
Killian Vasnier,"['Airbus Defence and Space, 1 Bd Jean Moulin, 78990 Elancourt, France']",CO_AUTHOR,K-pop and fake facts from texts to smart alerting for maritime security.pdf,Proceedings of the 61st Annual Meeting of the Association for Computational Linguistics,
Valerian Justine,"['Airbus Defence and Space, 1 Bd Jean Moulin, 78990 Elancourt, France']",LAST_AUTHOR,K-pop and fake facts from texts to smart alerting for maritime security.pdf,Proceedings of the 61st Annual Meeting of the Association for Computational Linguistics,
Zhiwei Jia,['UC San Diego'],FIRST_AUTHOR,KAFA Rethinking Image Ad Understanding with Knowledge-Augmented Feature Adaptation of Vision-Languag.pdf,Proceedings of the 61st Annual Meeting of the Association for Computational Linguistics,
Pradyumna Narayana,['Google'],CO_AUTHOR,KAFA Rethinking Image Ad Understanding with Knowledge-Augmented Feature Adaptation of Vision-Languag.pdf,Proceedings of the 61st Annual Meeting of the Association for Computational Linguistics,
Arjun R. Akula,['Google'],CO_AUTHOR,KAFA Rethinking Image Ad Understanding with Knowledge-Augmented Feature Adaptation of Vision-Languag.pdf,Proceedings of the 61st Annual Meeting of the Association for Computational Linguistics,
Garima Pruthi,['Google'],CO_AUTHOR,KAFA Rethinking Image Ad Understanding with Knowledge-Augmented Feature Adaptation of Vision-Languag.pdf,Proceedings of the 61st Annual Meeting of the Association for Computational Linguistics,
Hao Su,['UC San Diego'],CO_AUTHOR,KAFA Rethinking Image Ad Understanding with Knowledge-Augmented Feature Adaptation of Vision-Languag.pdf,Proceedings of the 61st Annual Meeting of the Association for Computational Linguistics,
Sugato Basu,['Google'],CO_AUTHOR,KAFA Rethinking Image Ad Understanding with Knowledge-Augmented Feature Adaptation of Vision-Languag.pdf,Proceedings of the 61st Annual Meeting of the Association for Computational Linguistics,
Varun Jampani,['Google'],LAST_AUTHOR,KAFA Rethinking Image Ad Understanding with Knowledge-Augmented Feature Adaptation of Vision-Languag.pdf,Proceedings of the 61st Annual Meeting of the Association for Computational Linguistics,
Qinjin Jia,['North Carolina State University'],FIRST_AUTHOR,KG-FLIP Knowledge-guided Fashion-domain Language-Image Pre-training for E-commerce.pdf,,
Yang Liu,"['Amazon.com, Inc.']",CO_AUTHOR,KG-FLIP Knowledge-guided Fashion-domain Language-Image Pre-training for E-commerce.pdf,,
Shaoyuan Xu,"['Amazon.com, Inc.']",CO_AUTHOR,KG-FLIP Knowledge-guided Fashion-domain Language-Image Pre-training for E-commerce.pdf,,
Huidong Liu,"['Amazon.com, Inc.']",CO_AUTHOR,KG-FLIP Knowledge-guided Fashion-domain Language-Image Pre-training for E-commerce.pdf,,
Daoping Wu,['Iowa State University'],FIRST_AUTHOR,KG-FLIP Knowledge-guided Fashion-domain Language-Image Pre-training for E-commerce.pdf,,
Jinmiao Fu,"['Amazon.com, Inc.']",CO_AUTHOR,KG-FLIP Knowledge-guided Fashion-domain Language-Image Pre-training for E-commerce.pdf,,
Roland V ollgraf,"['Amazon.com, Inc.']",CO_AUTHOR,KG-FLIP Knowledge-guided Fashion-domain Language-Image Pre-training for E-commerce.pdf,,
Bryan Wang,"['Amazon.com, Inc.']",LAST_AUTHOR,KG-FLIP Knowledge-guided Fashion-domain Language-Image Pre-training for E-commerce.pdf,,
Hwaran Lee,"['NA VER AI Lab', 'NA VER Cloud']",FIRST_AUTHOR,KoSBI A Dataset for Mitigating Social Bias Risks Towards Safer Large Language Model Applications.pdf,Proceedings of the 61st Annual Meeting of the Association for Computational Linguistics,
Seokhee Hong,['Seoul National University'],FIRST_AUTHOR,KoSBI A Dataset for Mitigating Social Bias Risks Towards Safer Large Language Model Applications.pdf,Proceedings of the 61st Annual Meeting of the Association for Computational Linguistics,
Joonsuk Park,"['NA VER AI Lab', 'NA VER Cloud', 'University of Richmond']",CO_AUTHOR,KoSBI A Dataset for Mitigating Social Bias Risks Towards Safer Large Language Model Applications.pdf,Proceedings of the 61st Annual Meeting of the Association for Computational Linguistics,
Takyoung Kim,['NA VER AI Lab'],CO_AUTHOR,KoSBI A Dataset for Mitigating Social Bias Risks Towards Safer Large Language Model Applications.pdf,Proceedings of the 61st Annual Meeting of the Association for Computational Linguistics,
Gunhee Kim,['Seoul National University'],CO_AUTHOR,KoSBI A Dataset for Mitigating Social Bias Risks Towards Safer Large Language Model Applications.pdf,Proceedings of the 61st Annual Meeting of the Association for Computational Linguistics,
Jung-Woo Ha,"['NA VER AI Lab', 'NA VER Cloud']",LAST_AUTHOR,KoSBI A Dataset for Mitigating Social Bias Risks Towards Safer Large Language Model Applications.pdf,Proceedings of the 61st Annual Meeting of the Association for Computational Linguistics,
Mandar Kulkarni,['Flipkart Data Science'],FIRST_AUTHOR,Label efficient semi-supervised conversational intent classification.pdf,Proceedings of the 61st Annual Meeting of the Association for Computational Linguistics,
Kyung Kim,['Flipkart Data Science'],CO_AUTHOR,Label efficient semi-supervised conversational intent classification.pdf,Proceedings of the 61st Annual Meeting of the Association for Computational Linguistics,
Nikesh Garera,['Flipkart Data Science'],CO_AUTHOR,Label efficient semi-supervised conversational intent classification.pdf,Proceedings of the 61st Annual Meeting of the Association for Computational Linguistics,
Anusua Trivedi,['Flipkart Data Science'],LAST_AUTHOR,Label efficient semi-supervised conversational intent classification.pdf,Proceedings of the 61st Annual Meeting of the Association for Computational Linguistics,
Anant Khandelwal,"['Ads Trust', 'Amazon']",FIRST_AUTHOR,Large Scale Generative Multimodal Attribute Extraction for E-commerce Attributes.pdf,,
Happy Mittal,"['International Machine Learning', 'Amazon']",CO_AUTHOR,Large Scale Generative Multimodal Attribute Extraction for E-commerce Attributes.pdf,,
Shreyas Sunil Kulkarni,"['International Machine Learning', 'Amazon']",CO_AUTHOR,Large Scale Generative Multimodal Attribute Extraction for E-commerce Attributes.pdf,,
Deepak Gupta,"['International Machine Learning', 'Amazon']",LAST_AUTHOR,Large Scale Generative Multimodal Attribute Extraction for E-commerce Attributes.pdf,,
Shima Imani,"['Microsoft Research, Redmond, USA']",FIRST_AUTHOR,MathPrompter Mathematical Reasoning using Large Language Models.pdf,Proceedings of the 61st Annual Meeting of the Association for Computational Linguistics,
Liang Du,"['Microsoft Research, Redmond, USA']",CO_AUTHOR,MathPrompter Mathematical Reasoning using Large Language Models.pdf,Proceedings of the 61st Annual Meeting of the Association for Computational Linguistics,
Harsh Shrivastava,"['Microsoft Research, Redmond, USA']",LAST_AUTHOR,MathPrompter Mathematical Reasoning using Large Language Models.pdf,Proceedings of the 61st Annual Meeting of the Association for Computational Linguistics,
Donato Crisostomi,"['Amazon Alexa AI', 'Sapienza, University of Rome']",FIRST_AUTHOR,Mitigating the Burden of Redundant Datasets via Batch-Wise Unique Samples and Frequency-Aware Losses.pdf,Proceedings of the 61st Annual Meeting of the Association for Computational Linguistics,
Andrea Caciolai,"['Amazon Alexa AI', 'Sapienza, University of Rome']",FIRST_AUTHOR,Mitigating the Burden of Redundant Datasets via Batch-Wise Unique Samples and Frequency-Aware Losses.pdf,Proceedings of the 61st Annual Meeting of the Association for Computational Linguistics,
Alessandro Pedrani,['Amazon Alexa AI'],CO_AUTHOR,Mitigating the Burden of Redundant Datasets via Batch-Wise Unique Samples and Frequency-Aware Losses.pdf,Proceedings of the 61st Annual Meeting of the Association for Computational Linguistics,
Alessandro Manzotti,['Amazon Alexa AI'],CO_AUTHOR,Mitigating the Burden of Redundant Datasets via Batch-Wise Unique Samples and Frequency-Aware Losses.pdf,Proceedings of the 61st Annual Meeting of the Association for Computational Linguistics,
Enrico Palumbo,['Amazon Alexa AI'],CO_AUTHOR,Mitigating the Burden of Redundant Datasets via Batch-Wise Unique Samples and Frequency-Aware Losses.pdf,Proceedings of the 61st Annual Meeting of the Association for Computational Linguistics,
Kay Rottmann,['Amazon Alexa AI'],CO_AUTHOR,Mitigating the Burden of Redundant Datasets via Batch-Wise Unique Samples and Frequency-Aware Losses.pdf,Proceedings of the 61st Annual Meeting of the Association for Computational Linguistics,
Davide Bernardi,['Amazon Alexa AI'],LAST_AUTHOR,Mitigating the Burden of Redundant Datasets via Batch-Wise Unique Samples and Frequency-Aware Losses.pdf,Proceedings of the 61st Annual Meeting of the Association for Computational Linguistics,
Ye Lin,"['NLP Lab, School of Computer Science and Engineering, Northeastern University, Shenyang, China']",FIRST_AUTHOR,MobileNMT Enabling Translation in 15MB and 30ms.pdf,Proceedings of the 61st Annual Meeting of the Association for Computational Linguistics,
Xiaohui Wang,['ByteDance'],CO_AUTHOR,MobileNMT Enabling Translation in 15MB and 30ms.pdf,Proceedings of the 61st Annual Meeting of the Association for Computational Linguistics,
Zhexi Zhang,['ByteDance'],CO_AUTHOR,MobileNMT Enabling Translation in 15MB and 30ms.pdf,Proceedings of the 61st Annual Meeting of the Association for Computational Linguistics,
Mingxuan Wang,['ByteDance'],CO_AUTHOR,MobileNMT Enabling Translation in 15MB and 30ms.pdf,Proceedings of the 61st Annual Meeting of the Association for Computational Linguistics,
Tong Xiao,"['NLP Lab, School of Computer Science and Engineering, Northeastern University, Shenyang, China', 'NiuTrans Research, Shenyang, China']",FIRST_AUTHOR,MobileNMT Enabling Translation in 15MB and 30ms.pdf,Proceedings of the 61st Annual Meeting of the Association for Computational Linguistics,
Jingbo Zhu,"['NLP Lab, School of Computer Science and Engineering, Northeastern University, Shenyang, China', 'NiuTrans Research, Shenyang, China']",LAST_AUTHOR,MobileNMT Enabling Translation in 15MB and 30ms.pdf,Proceedings of the 61st Annual Meeting of the Association for Computational Linguistics,
Aidan San,['University of Virginia'],FIRST_AUTHOR,PLAtE A Large-scale Dataset for List Page Web Extraction.pdf,,
Yuan Zhuang,['University of Utah'],FIRST_AUTHOR,PLAtE A Large-scale Dataset for List Page Web Extraction.pdf,,
Jan Bakus,['Amazon'],CO_AUTHOR,PLAtE A Large-scale Dataset for List Page Web Extraction.pdf,,
Colin Lockard,['Amazon'],CO_AUTHOR,PLAtE A Large-scale Dataset for List Page Web Extraction.pdf,,
David Ciemiewicz,['Amazon'],CO_AUTHOR,PLAtE A Large-scale Dataset for List Page Web Extraction.pdf,,
Sandeep Atluri,['Amazon'],CO_AUTHOR,PLAtE A Large-scale Dataset for List Page Web Extraction.pdf,,
Yangfeng Ji,['University of Virginia'],CO_AUTHOR,PLAtE A Large-scale Dataset for List Page Web Extraction.pdf,,
Kevin Small,['Amazon'],CO_AUTHOR,PLAtE A Large-scale Dataset for List Page Web Extraction.pdf,,
Heba Elfardy,['Amazon'],LAST_AUTHOR,PLAtE A Large-scale Dataset for List Page Web Extraction.pdf,,
Francesco Fusco,['IBM Research'],FIRST_AUTHOR,pNLP-Mixer an Efficient all-MLP Architecture for Language.pdf,,
Damian Pascual,['Telepathy Labs'],CO_AUTHOR,pNLP-Mixer an Efficient all-MLP Architecture for Language.pdf,,
Peter Staar,['IBM Research'],CO_AUTHOR,pNLP-Mixer an Efficient all-MLP Architecture for Language.pdf,,
Diego Antognini,['IBM Research'],LAST_AUTHOR,pNLP-Mixer an Efficient all-MLP Architecture for Language.pdf,,
Bingyan Liu,"['South China University of Technology, Guangzhou, China', 'Alibaba Group, Hangzhou, China']",FIRST_AUTHOR,Rapid Diffusion Building Domain-Specific Text-to-Image Synthesizers with Fast Inference Speed.pdf,Proceedings of the 61st Annual Meeting of the Association for Computational Linguistics,
Weifeng Lin,"['South China University of Technology, Guangzhou, China', 'Alibaba Group, Hangzhou, China']",FIRST_AUTHOR,Rapid Diffusion Building Domain-Specific Text-to-Image Synthesizers with Fast Inference Speed.pdf,Proceedings of the 61st Annual Meeting of the Association for Computational Linguistics,
Zhongjie Duan,"['South China University of Technology, Guangzhou, China', 'East China Normal University, Shanghai, China', 'Alibaba Group, Hangzhou, China']",CO_AUTHOR,Rapid Diffusion Building Domain-Specific Text-to-Image Synthesizers with Fast Inference Speed.pdf,Proceedings of the 61st Annual Meeting of the Association for Computational Linguistics,
Chengyu Wang,"['Alibaba Group, Hangzhou, China']",CO_AUTHOR,Rapid Diffusion Building Domain-Specific Text-to-Image Synthesizers with Fast Inference Speed.pdf,Proceedings of the 61st Annual Meeting of the Association for Computational Linguistics,
Ziheng Wu,"['Alibaba Group, Hangzhou, China']",CO_AUTHOR,Rapid Diffusion Building Domain-Specific Text-to-Image Synthesizers with Fast Inference Speed.pdf,Proceedings of the 61st Annual Meeting of the Association for Computational Linguistics,
Zipeng Zhang,"['Alibaba Group, Hangzhou, China']",CO_AUTHOR,Rapid Diffusion Building Domain-Specific Text-to-Image Synthesizers with Fast Inference Speed.pdf,Proceedings of the 61st Annual Meeting of the Association for Computational Linguistics,
Kui Jia,"['South China University of Technology, Guangzhou, China']",CO_AUTHOR,Rapid Diffusion Building Domain-Specific Text-to-Image Synthesizers with Fast Inference Speed.pdf,Proceedings of the 61st Annual Meeting of the Association for Computational Linguistics,
Lianwen Jin,"['South China University of Technology, Guangzhou, China']",CO_AUTHOR,Rapid Diffusion Building Domain-Specific Text-to-Image Synthesizers with Fast Inference Speed.pdf,Proceedings of the 61st Annual Meeting of the Association for Computational Linguistics,
Cen Chen,"['East China Normal University, Shanghai, China']",CO_AUTHOR,Rapid Diffusion Building Domain-Specific Text-to-Image Synthesizers with Fast Inference Speed.pdf,Proceedings of the 61st Annual Meeting of the Association for Computational Linguistics,
Jun Huang,"['Alibaba Group, Hangzhou, China']",LAST_AUTHOR,Rapid Diffusion Building Domain-Specific Text-to-Image Synthesizers with Fast Inference Speed.pdf,Proceedings of the 61st Annual Meeting of the Association for Computational Linguistics,
Dieu-Thu Le,['Amazon Alexa AI'],FIRST_AUTHOR,Reducing cohort bias in natural language understanding systems with targeted self-training scheme.pdf,,
Gabriela Cortes,['Amazon Alexa AI'],CO_AUTHOR,Reducing cohort bias in natural language understanding systems with targeted self-training scheme.pdf,,
Bei Chen,['Amazon Alexa AI'],CO_AUTHOR,Reducing cohort bias in natural language understanding systems with targeted self-training scheme.pdf,,
Melanie Bradford,['Amazon Alexa AI'],LAST_AUTHOR,Reducing cohort bias in natural language understanding systems with targeted self-training scheme.pdf,,
Shruti Bhargava,['Apple Inc.'],FIRST_AUTHOR,Referring to Screen Texts with Voice Assistants.pdf,Proceedings of the 61st Annual Meeting of the Association for Computational Linguistics,
Anand Dhoot,['Apple Inc.'],CO_AUTHOR,Referring to Screen Texts with Voice Assistants.pdf,Proceedings of the 61st Annual Meeting of the Association for Computational Linguistics,
Ing-Marie Jonsson,['Apple Inc.'],CO_AUTHOR,Referring to Screen Texts with Voice Assistants.pdf,Proceedings of the 61st Annual Meeting of the Association for Computational Linguistics,
Hoang Long Nguyen,['Apple Inc.'],CO_AUTHOR,Referring to Screen Texts with Voice Assistants.pdf,Proceedings of the 61st Annual Meeting of the Association for Computational Linguistics,
Alkesh Patel,['Apple Inc.'],CO_AUTHOR,Referring to Screen Texts with Voice Assistants.pdf,Proceedings of the 61st Annual Meeting of the Association for Computational Linguistics,
Hong Yu,['Apple Inc.'],CO_AUTHOR,Referring to Screen Texts with Voice Assistants.pdf,Proceedings of the 61st Annual Meeting of the Association for Computational Linguistics,
Vincent Renkens,['Apple Inc.'],LAST_AUTHOR,Referring to Screen Texts with Voice Assistants.pdf,Proceedings of the 61st Annual Meeting of the Association for Computational Linguistics,
Andrea Caciolai,['Amazon Alexa AI'],FIRST_AUTHOR,Regression-Free Model Updates for Spoken Language Understanding.pdf,Proceedings of the 61st Annual Meeting of the Association for Computational Linguistics,
V erena Weber,['Amazon Alexa AI'],CO_AUTHOR,Regression-Free Model Updates for Spoken Language Understanding.pdf,Proceedings of the 61st Annual Meeting of the Association for Computational Linguistics,
Tobias Falke,['Amazon Alexa AI'],CO_AUTHOR,Regression-Free Model Updates for Spoken Language Understanding.pdf,Proceedings of the 61st Annual Meeting of the Association for Computational Linguistics,
Alessandro Pedrani,['Amazon Alexa AI'],CO_AUTHOR,Regression-Free Model Updates for Spoken Language Understanding.pdf,Proceedings of the 61st Annual Meeting of the Association for Computational Linguistics,
Davide Bernardi,['Amazon Alexa AI'],LAST_AUTHOR,Regression-Free Model Updates for Spoken Language Understanding.pdf,Proceedings of the 61st Annual Meeting of the Association for Computational Linguistics,
Ella Rabinovich Matan V etzler,['IBM Research'],FIRST_AUTHOR,Reliable and Interpretable Drift Detection in Streams of Short Texts.pdf,Proceedings of the 61st Annual Meeting of the Association for Computational Linguistics,
Samuel Ackerman,['IBM Research'],CO_AUTHOR,Reliable and Interpretable Drift Detection in Streams of Short Texts.pdf,Proceedings of the 61st Annual Meeting of the Association for Computational Linguistics,
Ateret Anaby-Tavor,['IBM Research'],LAST_AUTHOR,Reliable and Interpretable Drift Detection in Streams of Short Texts.pdf,Proceedings of the 61st Annual Meeting of the Association for Computational Linguistics,
Zhenting Qi,['Zhejiang University'],FIRST_AUTHOR,SaFER A Robust and Efficient Framework for Fine-tuning BERT-based Classifier with Noisy Labels.pdf,Proceedings of the 61st Annual Meeting of the Association for Computational Linguistics,
Xiaoyu Tan,"['INF Technology (Shanghai) Co., Ltd.']",FIRST_AUTHOR,SaFER A Robust and Efficient Framework for Fine-tuning BERT-based Classifier with Noisy Labels.pdf,Proceedings of the 61st Annual Meeting of the Association for Computational Linguistics,
Chao Qu,"['INF Technology (Shanghai) Co., Ltd.']",CO_AUTHOR,SaFER A Robust and Efficient Framework for Fine-tuning BERT-based Classifier with Noisy Labels.pdf,Proceedings of the 61st Annual Meeting of the Association for Computational Linguistics,
Yinghui Xu,['Fudan University'],CO_AUTHOR,SaFER A Robust and Efficient Framework for Fine-tuning BERT-based Classifier with Noisy Labels.pdf,Proceedings of the 61st Annual Meeting of the Association for Computational Linguistics,
Yuan Qi,['Fudan University'],LAST_AUTHOR,SaFER A Robust and Efficient Framework for Fine-tuning BERT-based Classifier with Noisy Labels.pdf,Proceedings of the 61st Annual Meeting of the Association for Computational Linguistics,
Sarthak Ahuja,"['Amazon Alexa AI, Seattle, WA']",FIRST_AUTHOR,Scalable and Safe Remediation of Defective Actions in Self-Learning Conversational Systems.pdf,,
Mohammad Kachuee,"['Amazon Alexa AI, Seattle, WA']",CO_AUTHOR,Scalable and Safe Remediation of Defective Actions in Self-Learning Conversational Systems.pdf,,
Fateme Sheikholeslami,"['Amazon Alexa AI, Seattle, WA']",CO_AUTHOR,Scalable and Safe Remediation of Defective Actions in Self-Learning Conversational Systems.pdf,,
Weiqing Liu,"['Amazon Alexa AI, Seattle, WA']",CO_AUTHOR,Scalable and Safe Remediation of Defective Actions in Self-Learning Conversational Systems.pdf,,
Jaeyoung Do,"['Amazon Alexa AI, Seattle, WA']",LAST_AUTHOR,Scalable and Safe Remediation of Defective Actions in Self-Learning Conversational Systems.pdf,,
Vishal Kakkar,['Microsoft India'],FIRST_AUTHOR,Search Query Spell Correction with Weak Supervision in E-commerce.pdf,Proceedings of the 61st Annual Meeting of the Association for Computational Linguistics,
Chinmay Sharma,['Flipkart Internet Private Limited'],CO_AUTHOR,Search Query Spell Correction with Weak Supervision in E-commerce.pdf,Proceedings of the 61st Annual Meeting of the Association for Computational Linguistics,
Madhura Pande,['Flipkart Internet Private Limited'],CO_AUTHOR,Search Query Spell Correction with Weak Supervision in E-commerce.pdf,Proceedings of the 61st Annual Meeting of the Association for Computational Linguistics,
Surender Kumar,['Flipkart Internet Private Limited'],LAST_AUTHOR,Search Query Spell Correction with Weak Supervision in E-commerce.pdf,Proceedings of the 61st Annual Meeting of the Association for Computational Linguistics,
Sheng Jiang,"['AI Speech Co, Ltd., Suzhou, China']",FIRST_AUTHOR,SPM A Split-Parsing Method for Joint Multi-Intent Detection and Slot Filling.pdf,Proceedings of the 61st Annual Meeting of the Association for Computational Linguistics,
Su Zhu,"['AI Speech Co, Ltd., Suzhou, China']",FIRST_AUTHOR,SPM A Split-Parsing Method for Joint Multi-Intent Detection and Slot Filling.pdf,Proceedings of the 61st Annual Meeting of the Association for Computational Linguistics,
Ruisheng Cao,"['Shanghai Jiao Tong University, Shanghai, China']",CO_AUTHOR,SPM A Split-Parsing Method for Joint Multi-Intent Detection and Slot Filling.pdf,Proceedings of the 61st Annual Meeting of the Association for Computational Linguistics,
Qingliang Miao,"['AI Speech Co, Ltd., Suzhou, China']",CO_AUTHOR,SPM A Split-Parsing Method for Joint Multi-Intent Detection and Slot Filling.pdf,Proceedings of the 61st Annual Meeting of the Association for Computational Linguistics,
Kai YU,"['AI Speech Co, Ltd., Suzhou, China', 'Shanghai Jiao Tong University, Shanghai, China']",LAST_AUTHOR,SPM A Split-Parsing Method for Joint Multi-Intent Detection and Slot Filling.pdf,Proceedings of the 61st Annual Meeting of the Association for Computational Linguistics,
Kewei Cheng,"['University of California, Los Angeles']",FIRST_AUTHOR,Tab-Cleaner Weakly Supervised Tabular Data Cleaning via Pre-training for E-commerce Catalog.pdf,Proceedings of the 61st Annual Meeting of the Association for Computational Linguistics,
Xian Li,['Amazon'],CO_AUTHOR,Tab-Cleaner Weakly Supervised Tabular Data Cleaning via Pre-training for E-commerce Catalog.pdf,Proceedings of the 61st Annual Meeting of the Association for Computational Linguistics,
Zhengyang Wang,['Amazon'],CO_AUTHOR,Tab-Cleaner Weakly Supervised Tabular Data Cleaning via Pre-training for E-commerce Catalog.pdf,Proceedings of the 61st Annual Meeting of the Association for Computational Linguistics,
Chenwei Zhang,['Amazon'],CO_AUTHOR,Tab-Cleaner Weakly Supervised Tabular Data Cleaning via Pre-training for E-commerce Catalog.pdf,Proceedings of the 61st Annual Meeting of the Association for Computational Linguistics,
Binxuan Huang,['Amazon'],CO_AUTHOR,Tab-Cleaner Weakly Supervised Tabular Data Cleaning via Pre-training for E-commerce Catalog.pdf,Proceedings of the 61st Annual Meeting of the Association for Computational Linguistics,
Yifan Ethan Xu,['Meta AI'],CO_AUTHOR,Tab-Cleaner Weakly Supervised Tabular Data Cleaning via Pre-training for E-commerce Catalog.pdf,Proceedings of the 61st Annual Meeting of the Association for Computational Linguistics,
Xin Luna Dong,['Meta AI'],CO_AUTHOR,Tab-Cleaner Weakly Supervised Tabular Data Cleaning via Pre-training for E-commerce Catalog.pdf,Proceedings of the 61st Annual Meeting of the Association for Computational Linguistics,
Yizhou Sun,"['University of California, Los Angeles']",LAST_AUTHOR,Tab-Cleaner Weakly Supervised Tabular Data Cleaning via Pre-training for E-commerce Catalog.pdf,Proceedings of the 61st Annual Meeting of the Association for Computational Linguistics,
Abishek Komma,['Amazon Alexa AI'],FIRST_AUTHOR,Toward More Accurate and Generalizable Evaluation Metrics for Task-Oriented Dialogs.pdf,,
Nagesh Panyam Chandrasekarasastry,['Amazon Alexa AI'],CO_AUTHOR,Toward More Accurate and Generalizable Evaluation Metrics for Task-Oriented Dialogs.pdf,,
Timothy Leffel,['Amazon Alexa AI'],CO_AUTHOR,Toward More Accurate and Generalizable Evaluation Metrics for Task-Oriented Dialogs.pdf,,
Anuj Goyal,['Amazon Alexa AI'],CO_AUTHOR,Toward More Accurate and Generalizable Evaluation Metrics for Task-Oriented Dialogs.pdf,,
Angeliki Metallinou,['Amazon Alexa AI'],CO_AUTHOR,Toward More Accurate and Generalizable Evaluation Metrics for Task-Oriented Dialogs.pdf,,
Spyros Matsoukas,['Amazon Alexa AI'],CO_AUTHOR,Toward More Accurate and Generalizable Evaluation Metrics for Task-Oriented Dialogs.pdf,,
Aram Galstyan,['Amazon Alexa AI'],LAST_AUTHOR,Toward More Accurate and Generalizable Evaluation Metrics for Task-Oriented Dialogs.pdf,,
Dmitriy Bespalov,['Amazon Web Services AI ML'],FIRST_AUTHOR,Towards Building a Robust Toxicity Predictor.pdf,,
Sourav Bhabesh,['Amazon Web Services AI ML'],CO_AUTHOR,Towards Building a Robust Toxicity Predictor.pdf,,
Yi Xiang,['Amazon Web Services AI ML'],CO_AUTHOR,Towards Building a Robust Toxicity Predictor.pdf,,
Liutong Zhou,['Amazon Web Services AI ML'],CO_AUTHOR,Towards Building a Robust Toxicity Predictor.pdf,,
Yanjun Qi,['Amazon Web Services AI ML'],LAST_AUTHOR,Towards Building a Robust Toxicity Predictor.pdf,,
Yingxue Zhou,['Amazon Alexa AI'],FIRST_AUTHOR,Unified Contextual Query Rewriting.pdf,Proceedings of the 61st Annual Meeting of the Association for Computational Linguistics,
Jie Hao,['Amazon Alexa AI'],CO_AUTHOR,Unified Contextual Query Rewriting.pdf,Proceedings of the 61st Annual Meeting of the Association for Computational Linguistics,
Mukund Rungta,['Georgia Institute of Technology'],CO_AUTHOR,Unified Contextual Query Rewriting.pdf,Proceedings of the 61st Annual Meeting of the Association for Computational Linguistics,
Yang Liu,['Amazon Alexa AI'],CO_AUTHOR,Unified Contextual Query Rewriting.pdf,Proceedings of the 61st Annual Meeting of the Association for Computational Linguistics,
Eunah Cho,['Amazon Alexa AI'],CO_AUTHOR,Unified Contextual Query Rewriting.pdf,Proceedings of the 61st Annual Meeting of the Association for Computational Linguistics,
Xing Fan,['Amazon Alexa AI'],CO_AUTHOR,Unified Contextual Query Rewriting.pdf,Proceedings of the 61st Annual Meeting of the Association for Computational Linguistics,
Yanbin Lu,['Amazon Alexa AI'],CO_AUTHOR,Unified Contextual Query Rewriting.pdf,Proceedings of the 61st Annual Meeting of the Association for Computational Linguistics,
Vishal Vasudevan,['Amazon Alexa AI'],CO_AUTHOR,Unified Contextual Query Rewriting.pdf,Proceedings of the 61st Annual Meeting of the Association for Computational Linguistics,
Kellen Gillespie,['Amazon Alexa AI'],CO_AUTHOR,Unified Contextual Query Rewriting.pdf,Proceedings of the 61st Annual Meeting of the Association for Computational Linguistics,
Zeynab Raeesy,['Amazon Alexa AI'],CO_AUTHOR,Unified Contextual Query Rewriting.pdf,Proceedings of the 61st Annual Meeting of the Association for Computational Linguistics,
Wei Shen,['Amazon Alexa AI'],CO_AUTHOR,Unified Contextual Query Rewriting.pdf,Proceedings of the 61st Annual Meeting of the Association for Computational Linguistics,
Chenlei Guo,['Amazon Alexa AI'],CO_AUTHOR,Unified Contextual Query Rewriting.pdf,Proceedings of the 61st Annual Meeting of the Association for Computational Linguistics,
Gokhan Tur,['Amazon Alexa AI'],LAST_AUTHOR,Unified Contextual Query Rewriting.pdf,Proceedings of the 61st Annual Meeting of the Association for Computational Linguistics,
Jitenkumar Rana,['Amazon'],FIRST_AUTHOR,Weakly supervised hierarchical multi-task classification of customer questions.pdf,Proceedings of the 61st Annual Meeting of the Association for Computational Linguistics,
Promod Yenigalla,['Amazon'],CO_AUTHOR,Weakly supervised hierarchical multi-task classification of customer questions.pdf,Proceedings of the 61st Annual Meeting of the Association for Computational Linguistics,
Chetan Aggarwal,['Amazon'],CO_AUTHOR,Weakly supervised hierarchical multi-task classification of customer questions.pdf,Proceedings of the 61st Annual Meeting of the Association for Computational Linguistics,
Sandeep Mukku,['Amazon'],CO_AUTHOR,Weakly supervised hierarchical multi-task classification of customer questions.pdf,Proceedings of the 61st Annual Meeting of the Association for Computational Linguistics,
Manan Soni,['Amazon'],CO_AUTHOR,Weakly supervised hierarchical multi-task classification of customer questions.pdf,Proceedings of the 61st Annual Meeting of the Association for Computational Linguistics,
Rashmi Patange,['Amazon'],LAST_AUTHOR,Weakly supervised hierarchical multi-task classification of customer questions.pdf,Proceedings of the 61st Annual Meeting of the Association for Computational Linguistics,
Tianqi Wang,['University of Buffalo'],FIRST_AUTHOR,Weighted Contrastive Learning With False Negative Control to Help Long-tailed Product Classification.pdf,Proceedings of the 61st Annual Meeting of the Association for Computational Linguistics,
Lei Chen,['Rakuten Institute of Technology'],CO_AUTHOR,Weighted Contrastive Learning With False Negative Control to Help Long-tailed Product Classification.pdf,Proceedings of the 61st Annual Meeting of the Association for Computational Linguistics,
Xiaodan Zhu,['Queen’s University'],CO_AUTHOR,Weighted Contrastive Learning With False Negative Control to Help Long-tailed Product Classification.pdf,Proceedings of the 61st Annual Meeting of the Association for Computational Linguistics,
Younghun Lee,['Purdue University'],LAST_AUTHOR,Weighted Contrastive Learning With False Negative Control to Help Long-tailed Product Classification.pdf,Proceedings of the 61st Annual Meeting of the Association for Computational Linguistics,
Jing Gao,['Purdue University'],LAST_AUTHOR,Weighted Contrastive Learning With False Negative Control to Help Long-tailed Product Classification.pdf,Proceedings of the 61st Annual Meeting of the Association for Computational Linguistics,
Deuksin Kwon,"['SK Telecom, South Korea']",FIRST_AUTHOR,"What, When, and How to Ground Designing User Persona-Aware Conversational Agents for Engaging Dialog.pdf",Proceedings of the 61st Annual Meeting of the Association for Computational Linguistics,
Sunwoo Lee,"['SK Telecom, South Korea']",CO_AUTHOR,"What, When, and How to Ground Designing User Persona-Aware Conversational Agents for Engaging Dialog.pdf",Proceedings of the 61st Annual Meeting of the Association for Computational Linguistics,
Ki Hyun Kim,"['SK Telecom, South Korea']",CO_AUTHOR,"What, When, and How to Ground Designing User Persona-Aware Conversational Agents for Engaging Dialog.pdf",Proceedings of the 61st Annual Meeting of the Association for Computational Linguistics,
Seojin Lee,"['SK Telecom, South Korea']",CO_AUTHOR,"What, When, and How to Ground Designing User Persona-Aware Conversational Agents for Engaging Dialog.pdf",Proceedings of the 61st Annual Meeting of the Association for Computational Linguistics,
Taeyoon Kim,"['SK Telecom, South Korea']",CO_AUTHOR,"What, When, and How to Ground Designing User Persona-Aware Conversational Agents for Engaging Dialog.pdf",Proceedings of the 61st Annual Meeting of the Association for Computational Linguistics,
Eric Davis,"['SK Telecom, South Korea']",LAST_AUTHOR,"What, When, and How to Ground Designing User Persona-Aware Conversational Agents for Engaging Dialog.pdf",Proceedings of the 61st Annual Meeting of the Association for Computational Linguistics,
Xiaoyu Shen,['Amazon Alexa AI'],FIRST_AUTHOR,xPQA Cross-Lingual Product Question Answering in 12 Languages.pdf,Proceedings of the 61st Annual Meeting of the Association for Computational Linguistics,
Akari Asai,['University of Washington'],CO_AUTHOR,xPQA Cross-Lingual Product Question Answering in 12 Languages.pdf,Proceedings of the 61st Annual Meeting of the Association for Computational Linguistics,
Bill Byrne,"['Amazon Alexa AI', 'University of Cambridge']",CO_AUTHOR,xPQA Cross-Lingual Product Question Answering in 12 Languages.pdf,Proceedings of the 61st Annual Meeting of the Association for Computational Linguistics,
Adrià de Gispert,['Amazon Alexa AI'],LAST_AUTHOR,xPQA Cross-Lingual Product Question Answering in 12 Languages.pdf,Proceedings of the 61st Annual Meeting of the Association for Computational Linguistics,
Kaveri Kale,"['Department of Computer Science and Engineering, IIT Bombay, India']",FIRST_AUTHOR,“Knowledge is Power” Constructing Knowledge Graph of Abdominal Organs and Using Them for Automatic R.pdf,Proceedings of the 61st Annual Meeting of the Association for Computational Linguistics,
Pushpak Bhattacharyya,"['Department of Computer Science and Engineering, IIT Bombay, India']",CO_AUTHOR,“Knowledge is Power” Constructing Knowledge Graph of Abdominal Organs and Using Them for Automatic R.pdf,Proceedings of the 61st Annual Meeting of the Association for Computational Linguistics,
Aditya Shetty,"['Breach Candy Hospital, India']",CO_AUTHOR,“Knowledge is Power” Constructing Knowledge Graph of Abdominal Organs and Using Them for Automatic R.pdf,Proceedings of the 61st Annual Meeting of the Association for Computational Linguistics,
Milind Gune,['Augnito India Private Limited'],CO_AUTHOR,“Knowledge is Power” Constructing Knowledge Graph of Abdominal Organs and Using Them for Automatic R.pdf,Proceedings of the 61st Annual Meeting of the Association for Computational Linguistics,
Kush Shrivastava,['Augnito India Private Limited'],CO_AUTHOR,“Knowledge is Power” Constructing Knowledge Graph of Abdominal Organs and Using Them for Automatic R.pdf,Proceedings of the 61st Annual Meeting of the Association for Computational Linguistics,
Rustom Lawyer,['Augnito India Private Limited'],CO_AUTHOR,“Knowledge is Power” Constructing Knowledge Graph of Abdominal Organs and Using Them for Automatic R.pdf,Proceedings of the 61st Annual Meeting of the Association for Computational Linguistics,
Spriha Biswas,['Augnito India Private Limited'],LAST_AUTHOR,“Knowledge is Power” Constructing Knowledge Graph of Abdominal Organs and Using Them for Automatic R.pdf,Proceedings of the 61st Annual Meeting of the Association for Computational Linguistics,
Abisek Rajakumar Kalarani,"['Department of Computer Science and Engineering, IIT Bombay, India']",FIRST_AUTHOR,“Let’s not Quote out of Context” Unified Vision-Language Pretraining for Context Assisted Image Capt.pdf,Proceedings of the 61st Annual Meeting of the Association for Computational Linguistics,
Pushpak Bhattacharyya,"['Department of Computer Science and Engineering, IIT Bombay, India']",CO_AUTHOR,“Let’s not Quote out of Context” Unified Vision-Language Pretraining for Context Assisted Image Capt.pdf,Proceedings of the 61st Annual Meeting of the Association for Computational Linguistics,
Niyati Chhaya,"['Adobe Research, India']",CO_AUTHOR,“Let’s not Quote out of Context” Unified Vision-Language Pretraining for Context Assisted Image Capt.pdf,Proceedings of the 61st Annual Meeting of the Association for Computational Linguistics,
Sumit Shekhar,"['Adobe Research, India']",LAST_AUTHOR,“Let’s not Quote out of Context” Unified Vision-Language Pretraining for Context Assisted Image Capt.pdf,Proceedings of the 61st Annual Meeting of the Association for Computational Linguistics,
