file_path,rows,both_rank_filled
c:\Users\poulami.paul\PyCharmMiscProject\3.ArXiv_Project\OldOutputs\AAAI\AAAI2023.csv,2023,1187
c:\Users\poulami.paul\PyCharmMiscProject\3.ArXiv_Project\OldOutputs\AAAI\AAAI2024.csv,2865,1720
c:\Users\poulami.paul\PyCharmMiscProject\3.ArXiv_Project\OldOutputs\AAAI\AAAI2025.csv,3486,2039
c:\Users\poulami.paul\PyCharmMiscProject\3.ArXiv_Project\OldOutputs\CVPR\CVPR2023.csv,2359,1144
c:\Users\poulami.paul\PyCharmMiscProject\3.ArXiv_Project\OldOutputs\CVPR\CVPR2024.csv,2806,1436
c:\Users\poulami.paul\PyCharmMiscProject\3.ArXiv_Project\OldOutputs\CVPR\CVPR2025.csv,2966,1456
c:\Users\poulami.paul\PyCharmMiscProject\3.ArXiv_Project\OldOutputs\ICLR\Poster.csv,1202,0
c:\Users\poulami.paul\PyCharmMiscProject\3.ArXiv_Project\OldOutputs\ICLR\Reviews\Poster\Poster_Reviews.csv,1202,0
c:\Users\poulami.paul\PyCharmMiscProject\3.ArXiv_Project\OldOutputs\ICLR\Reviews\Poster\top25_Reviews.csv,281,0
c:\Users\poulami.paul\PyCharmMiscProject\3.ArXiv_Project\OldOutputs\ICLR\Reviews\top25\top25_Reviews.csv,281,0
c:\Users\poulami.paul\PyCharmMiscProject\3.ArXiv_Project\OldOutputs\ICLR\Reviews\top_5\top_5_Reviews.csv,90,0
c:\Users\poulami.paul\PyCharmMiscProject\3.ArXiv_Project\OldOutputs\ICLR\Reviews\Withdrawn_Rejected\A_Withdrawn_Rejected_Reviews.csv,1144,0
c:\Users\poulami.paul\PyCharmMiscProject\3.ArXiv_Project\OldOutputs\ICLR\Reviews\Withdrawn_Rejected\Withdrawn_Rejected_Reviews.csv,5,0
c:\Users\poulami.paul\PyCharmMiscProject\3.ArXiv_Project\OldOutputs\ICLR\top25.csv,281,0
c:\Users\poulami.paul\PyCharmMiscProject\3.ArXiv_Project\OldOutputs\ICLR\top_5.csv,91,0
c:\Users\poulami.paul\PyCharmMiscProject\3.ArXiv_Project\OldOutputs\ICML\ICML 2023\accepted (oral & poster).csv,155,37
c:\Users\poulami.paul\PyCharmMiscProject\3.ArXiv_Project\OldOutputs\ICML\ICML 2023\accepted (poster).csv,1673,407
c:\Users\poulami.paul\PyCharmMiscProject\3.ArXiv_Project\OldOutputs\ICML\ICML 2024\accept(oral).csv,144,29
c:\Users\poulami.paul\PyCharmMiscProject\3.ArXiv_Project\OldOutputs\ICML\ICML 2024\accept(poster).csv,2275,576
c:\Users\poulami.paul\PyCharmMiscProject\3.ArXiv_Project\OldOutputs\ICML\ICML 2024\accept(spotlight).csv,191,46
c:\Users\poulami.paul\PyCharmMiscProject\3.ArXiv_Project\OldOutputs\ICML\ICML 2025\accept(oral)\accept(oral).csv,108,20
c:\Users\poulami.paul\PyCharmMiscProject\3.ArXiv_Project\OldOutputs\ICML\ICML 2025\accept(poster)\accept(poster).csv,2938,843
c:\Users\poulami.paul\PyCharmMiscProject\3.ArXiv_Project\OldOutputs\ICML\ICML 2025\accept(spotlight)\accept(spotlight).csv,211,49
c:\Users\poulami.paul\PyCharmMiscProject\3.ArXiv_Project\OldOutputs\ICML\ICML 2025\rejected\rejected.csv,162,55
c:\Users\poulami.paul\PyCharmMiscProject\3.ArXiv_Project\OldOutputs\ICML\ICML 2025\retracted acceptance\retracted acceptance.csv,3,2
c:\Users\poulami.paul\PyCharmMiscProject\3.ArXiv_Project\OldOutputs\KDD\KDD2023papers.csv,313,0
c:\Users\poulami.paul\PyCharmMiscProject\3.ArXiv_Project\OldOutputs\KDD\KDD2024papers.csv,411,0
c:\Users\poulami.paul\PyCharmMiscProject\3.ArXiv_Project\OldOutputs\KDD\KDD2025papers.csv,552,0
c:\Users\poulami.paul\PyCharmMiscProject\3.ArXiv_Project\OldOutputs\NeurIPS\NeurIPS 2023\accept(oral).csv,67,35
c:\Users\poulami.paul\PyCharmMiscProject\3.ArXiv_Project\OldOutputs\NeurIPS\NeurIPS 2023\accept(poster).csv,2773,1383
c:\Users\poulami.paul\PyCharmMiscProject\3.ArXiv_Project\OldOutputs\NeurIPS\NeurIPS 2023\accept(spotlight).csv,378,200
c:\Users\poulami.paul\PyCharmMiscProject\3.ArXiv_Project\OldOutputs\NeurIPS\NeurIPS 2024\accept(oral).csv,61,34
c:\Users\poulami.paul\PyCharmMiscProject\3.ArXiv_Project\OldOutputs\NeurIPS\NeurIPS 2024\accept(poster).csv,3648,2083
c:\Users\poulami.paul\PyCharmMiscProject\3.ArXiv_Project\OldOutputs\NeurIPS\NeurIPS 2024\accept(spotlight).csv,326,180
c:\Users\poulami.paul\PyCharmMiscProject\3.ArXiv_Project\OldOutputs\NeurIPS\NeurIPS 2025\oral.csv,77,0
c:\Users\poulami.paul\PyCharmMiscProject\3.ArXiv_Project\OldOutputs\NeurIPS\NeurIPS 2025\poster.csv,4522,69
c:\Users\poulami.paul\PyCharmMiscProject\3.ArXiv_Project\OldOutputs\NeurIPS\NeurIPS 2025\spotlight.csv,687,15
