Title,Rounds of Discussion,Average Rating,Average Confidence
Modeling content creator incentives on algorithm-curated platforms,1,5.666666666666667,3.6666666666666665
Encoding Recurrence into Transformers,4,7.333333333333333,4.0
Transfer NAS with Meta-learned Bayesian Surrogates,2,7.5,4.0
Scaling Up Probabilistic Circuits by Latent Variable Distillation,1,8.0,4.333333333333333
A Kernel Perspective of Skip Connections in Convolutional Networks,1,7.25,3.0
WikiWhy: Answering and Explaining Cause-and-Effect Questions,1,7.5,3.25
Git Re-Basin: Merging Models modulo Permutation Symmetries,0,5.666666666666667,4.333333333333333
The Role of Coverage in Online Reinforcement Learning,1,7.0,3.3333333333333335
Is the Performance of My Deep Network Too Good to Be True? A Direct Approach to Estimating the Bayes Error in Binary Classification,2,7.25,2.5
Offline Q-learning on Diverse Multi-Task Data Both Scales And Generalizes,3,5.75,4.0
​​What learning algorithm is in-context learning? Investigations with linear models,1,8.0,4.0
"Towards Understanding Ensemble, Knowledge Distillation and Self-Distillation in Deep Learning",1,4.5,3.5
"When and Why Vision-Language Models Behave like Bags-Of-Words, and What to Do About It?",1,7.0,4.0
Confidence-Conditioned Value Functions for Offline Reinforcement Learning,2,6.25,3.25
On the Sensitivity of Reward Inference to Misspecified Human Models,2,6.75,3.0
Time Will Tell: New Outlooks and A Baseline for Temporal Multi-View 3D Object Detection,1,8.0,4.0
Dichotomy of Control: Separating What You Can Control from What You Cannot,2,7.0,3.75
Learning where and when to reason in neuro-symbolic inference,1,7.5,4.25
On the duality between contrastive and non-contrastive self-supervised learning,1,5.5,3.75
DreamFusion: Text-to-3D using 2D Diffusion,1,8.0,3.75
Sampling is as easy as learning the score: theory for diffusion models with minimal data assumptions,2,8.0,3.25
Universal Few-shot Learning of Dense Prediction Tasks with Visual Token Matching,1,3.3333333333333335,3.6666666666666665
Mitigating Gradient Bias in Multi-objective Learning: A Provably Convergent Approach,0,8.0,3.6666666666666665
ReAct: Synergizing Reasoning and Acting in Language Models,0,8.0,4.333333333333333
Do We Really Need Complicated Model Architectures For Temporal Networks?,2,7.333333333333333,3.6666666666666665
Is Conditional Generative Modeling all you need for Decision Making?,1,7.0,3.0
The Lie Derivative for Measuring Learned Equivariance,1,8.0,4.333333333333333
Agree to Disagree: Diversity through Disagreement for Better Transferability,2,8.0,3.75
Efficient Conditionally Invariant Representation Learning,1,7.333333333333333,3.0
Aligning Model and Macaque Inferior Temporal Cortex Representations Improves Model-to-Human Behavioral Alignment and Adversarial Robustness,1,8.0,4.0
Transformers Learn Shortcuts to Automata,1,5.0,3.3333333333333335
In-context Reinforcement Learning with Algorithm Distillation,1,5.0,4.5
Selection-Inference: Exploiting Large Language Models for Interpretable Logical Reasoning,1,7.6,4.0
Compressing multidimensional weather and climate data into neural networks,1,8.0,3.3333333333333335
Confidential-PROFITT: Confidential PROof of FaIr Training of Trees,1,8.0,2.3333333333333335
Near-optimal Coresets for Robust Clustering,2,8.0,3.5
Targeted Hyperparameter Optimization with Lexicographic Preferences Over Multiple Objectives,1,8.0,4.0
Mastering the Game of No-Press Diplomacy via Human-Regularized Reinforcement Learning and Planning,1,8.0,3.3333333333333335
Efficient Attention via Control Variates,3,7.5,3.5
SAM as an Optimal Relaxation of Bayes,1,6.75,3.5
Learning on Large-scale Text-attributed Graphs via Variational Inference,1,7.5,3.5
Extreme Q-Learning: MaxEnt RL without Entropy,1,5.25,3.25
Efficiently Computing Nash Equilibria in Adversarial Team Markov Games,4,7.0,2.6666666666666665
Simplified State Space Layers for Sequence Modeling,1,8.0,3.3333333333333335
Moving Forward by Moving Backward: Embedding Action Impact over Action Semantics,1,7.5,4.25
SimPer: Simple Self-Supervised Learning of Periodic Targets,1,5.666666666666667,3.0
PaLI: A Jointly-Scaled Multilingual Language-Image Model,1,7.5,4.0
Sample-Efficient Reinforcement Learning by Breaking the Replay Ratio Barrier,3,8.0,4.333333333333333
Dr.Spider: A Diagnostic Evaluation Benchmark towards Text-to-SQL Robustness,1,8.0,3.25
Temporal Domain Generalization with Drift-Aware Dynamic Neural Networks,3,6.666666666666667,3.3333333333333335
"Draft, Sketch, and Prove: Guiding Formal Theorem Provers with Informal Proofs",3,7.5,3.5
REVISITING PRUNING AT INITIALIZATION THROUGH THE LENS OF RAMANUJAN GRAPH,1,7.333333333333333,3.3333333333333335
Embedding Fourier for Ultra-High-Definition Low-Light Image Enhancement,2,7.5,4.5
A Call to Reflect on Evaluation Practices for Failure Detection in Image Classification,1,5.666666666666667,2.6666666666666665
Fast and Precise: Adjusting Planning Horizon with Adaptive Subgoal Search,2,8.0,4.25
Towards Open Temporal Graph Neural Networks,1,6.5,3.0
Relative representations enable zero-shot latent space communication,2,5.666666666666667,4.0
Language Modelling with Pixels,1,7.0,3.5
Addressing Parameter Choice Issues in Unsupervised Domain Adaptation by Aggregation,1,6.5,3.25
Symbolic Physics Learner: Discovering governing equations via Monte Carlo tree search,2,8.0,3.5
Clean-image Backdoor: Attacking Multi-label Models with Poisoned Labels Only,2,6.0,3.5
Graph Neural Networks for Link Prediction with Subgraph Sketching,0,6.25,3.75
Image to Sphere: Learning Equivariant Features for Efficient Pose Prediction,1,7.5,3.25
MICN: Multi-scale Local and Global Context Modeling for Long-term Series Forecasting,1,6.666666666666667,4.0
Personalized Federated Learning with Feature Alignment and Classifier Collaboration,4,7.25,3.75
From Play to Policy: Conditional Behavior Generation from Uncurated Robot Data,2,6.75,4.75
Visual Classification via Description from Large Language Models,2,7.5,4.0
The Modality Focusing Hypothesis: Towards Understanding Crossmodal Knowledge Distillation,1,7.333333333333333,3.0
"Multi-Rate VAE: Train Once, Get the Full Rate-Distortion Curve",1,8.0,4.0
Near-optimal Policy Identification in Active Reinforcement Learning,2,8.0,3.3333333333333335
Conditional Antibody Design as 3D Equivariant Graph Translation,0,8.0,3.5
Emergent World Representations: Exploring a Sequence Model Trained on a Synthetic Task,1,7.5,3.75
Tailoring Language Generation Models under Total Variation Distance,2,5.666666666666667,3.3333333333333335
Transformers are Sample-Efficient World Models,1,8.0,4.0
Statistical Efficiency of Score Matching: The View from Isoperimetry,1,8.0,3.0
View Synthesis with Sculpted Neural Points,1,7.333333333333333,4.0
AutoGT: Automated Graph Transformer Architecture Search,1,8.0,4.333333333333333
Crossformer: Transformer Utilizing Cross-Dimension Dependency for Multivariate Time Series Forecasting,3,7.25,3.75
Betty: An Automatic Differentiation Library for Multilevel Optimization,2,5.75,3.25
Offline RL with No OOD Actions: In-Sample Learning via Implicit Value Regularization,3,8.0,3.6666666666666665
Win: Weight-Decay-Integrated Nesterov Acceleration for Adaptive Gradient Algorithms,3,8.0,3.6666666666666665
Towards Stable Test-time Adaptation in Dynamic Wild World,2,7.25,3.75
MocoSFL: enabling cross-client collaborative self-supervised learning,2,7.5,4.25
DaxBench: Benchmarking Deformable Object Manipulation with Differentiable Physics,1,8.0,3.3333333333333335
3D generation on ImageNet,2,5.75,3.75
Rethinking the Expressive Power of GNNs via Graph Biconnectivity,1,5.666666666666667,3.6666666666666665
Sparse Mixture-of-Experts are Domain Generalizable Learners,2,6.75,3.75
Token Merging: Your ViT But Faster,1,5.75,4.0
Learnable Behavior Control: Breaking Atari Human World Records via Sample-Efficient Behavior Selection,0,5.666666666666667,4.333333333333333
Image as Set of Points,2,6.25,3.75
