Outcome,Predictor,Estimate,95% CI,p-value,Test,Interpretation
Reviewer Rating,Preprint visibility,0.326,"[0.292, 0.360]",7.4e-78,individual co-efficient,"Papers with a preprint dated before the submission deadline have 0.326 SD higher mean reviewer rating than papers with no such preprint, after adjusting for institution tier, country, and year."
Reviewer Rating,Institution tier (top vs bottom),1.100,"[0.771, 1.430]",6.1e-11,individual co-efficient,"Top-20 first-author institutes have 1.100 SD higher mean reviewer rating than bottom-ranked institutes (top vs bottom), after adjusting for preprint visibility, country, and year."
Reviewer Rating,"Institution tier, overall",—,—,5.5e-13,joint Wald test,"Joint Wald test that all institution-tier groups have the same mean reviewer rating, after adjusting for the other covariates."
Reviewer Rating,China vs. US,-0.104,"[-0.168, -0.040]",1.5e-3,individual co-efficient,"China-affiliated papers have 0.104 SD lower mean reviewer rating than US-affiliated papers, after adjusting for preprint visibility, institution tier, and year."
Reviewer Rating,"Country, overall",—,—,1.7e-30,joint Wald test,"Joint Wald test that all country groups have the same mean reviewer rating, after adjusting for the other covariates."
Reviewer Rating,2025 vs 2023,0.060,"[0.018, 0.102]",5.3e-3,individual co-efficient,"ICLR 2025 papers have 0.060 SD higher mean reviewer rating than ICLR 2023 papers, after adjusting for preprint visibility, institution tier, and country."
Reviewer Rating,"Year, overall",—,—,3.3e-10,joint Wald test,"Joint Wald test that all year groups have the same mean reviewer rating, after adjusting for the other covariates."
Confidence,Preprint visibility,0.001,"[-0.035, 0.038]",9.5e-1,individual co-efficient,"Papers with a preprint dated before the submission deadline have 0.001 SD higher mean confidence than papers with no such preprint, after adjusting for institution tier, country, and year."
Confidence,Institution tier (top vs bottom),-0.079,"[-0.510, 0.352]",7.2e-1,individual co-efficient,"Top-20 first-author institutes have 0.079 SD lower mean confidence than bottom-ranked institutes (top vs bottom), after adjusting for preprint visibility, country, and year."
Confidence,"Institution tier, overall",—,—,8.6e-1,joint Wald test,"Joint Wald test that all institution-tier groups have the same mean confidence, after adjusting for the other covariates."
Confidence,China vs. US,0.245,"[0.176, 0.314]",3.5e-12,individual co-efficient,"China-affiliated papers have 0.245 SD higher mean confidence than US-affiliated papers, after adjusting for preprint visibility, institution tier, and year."
Confidence,"Country, overall",—,—,1.4e-20,joint Wald test,"Joint Wald test that all country groups have the same mean confidence, after adjusting for the other covariates."
Confidence,2025 vs 2023,-0.023,"[-0.065, 0.020]",3e-1,individual co-efficient,"ICLR 2025 papers have 0.023 SD lower mean confidence than ICLR 2023 papers, after adjusting for preprint visibility, institution tier, and country."
Confidence,"Year, overall",—,—,1.7e-2,joint Wald test,"Joint Wald test that all year groups have the same mean confidence, after adjusting for the other covariates."
