Venue,Year,Papers,arXiv,Affil.,Country,Tier,Rating,Conf.,Track
ICLR,2023,3743,1557 (41.6%),2599 (69.4%),1343 (35.9%),1121 (29.9%),1573 (42.0%),1573 (42.0%),
ICLR,2024,5457,3242 (59.4%),5404 (99.0%),4417 (80.9%),3681 (67.5%),2260 (41.4%),2260 (41.4%),
ICLR,2025,11672,3877 (33.2%),6880 (58.9%),2699 (23.1%),2263 (19.4%),3704 (31.7%),3704 (31.7%),
ICML,2023,1828,1485 (81.2%),1828 (100.0%),894 (48.9%),738 (40.4%),0 (0.0%),0 (0.0%),
ICML,2024,2610,2026 (77.6%),2610 (100.0%),1157 (44.3%),966 (37.0%),0 (0.0%),0 (0.0%),
ICML,2025,3422,2430 (71.0%),3257 (95.2%),1486 (43.4%),1255 (36.7%),3257 (95.2%),0 (0.0%),
NeurIPS,2023,3716,2524 (67.9%),3218 (86.6%),3090 (83.2%),2592 (69.8%),3218 (86.6%),3218 (86.6%),
NeurIPS,2024,4695,3150 (67.1%),4035 (85.9%),3866 (82.3%),3331 (70.9%),4035 (85.9%),4035 (85.9%),
NeurIPS,2025,6037,4045 (67.0%),5286 (87.6%),150 (2.5%),139 (2.3%),5286 (87.6%),5286 (87.6%),
AAAI,2023,2023,1163 (57.5%),2023 (100.0%),1718 (84.9%),1528 (75.5%),0 (0.0%),0 (0.0%),
AAAI,2024,2864,1649 (57.6%),2864 (100.0%),2436 (85.1%),2157 (75.3%),0 (0.0%),0 (0.0%),
AAAI,2025,3486,2110 (60.5%),3486 (100.0%),2975 (85.3%),2553 (73.2%),0 (0.0%),0 (0.0%),
ACL,2023,1795,1201 (66.9%),1795 (100.0%),1715 (95.5%),1329 (74.0%),0 (0.0%),0 (0.0%),
ACL,2024,1649,1344 (81.5%),1649 (100.0%),1586 (96.2%),1271 (77.1%),0 (0.0%),0 (0.0%),
ACL,2025,2381,1347 (56.6%),2381 (100.0%),2312 (97.1%),1835 (77.1%),0 (0.0%),0 (0.0%),
EMNLP,2023,1428,1022 (71.6%),1428 (100.0%),1365 (95.6%),1066 (74.6%),0 (0.0%),0 (0.0%),
EMNLP,2024,2468,1913 (77.5%),2468 (100.0%),2389 (96.8%),1862 (75.4%),0 (0.0%),0 (0.0%),
EMNLP,2025,2911,2071 (71.1%),2911 (100.0%),2813 (96.6%),2183 (75.0%),0 (0.0%),0 (0.0%),
COLING,2024,1871,745 (39.8%),1871 (100.0%),1807 (96.6%),1185 (63.3%),0 (0.0%),0 (0.0%),
COLING,2025,405,235 (58.0%),405 (100.0%),398 (98.3%),251 (62.0%),0 (0.0%),0 (0.0%),
KDD,2023,313,166 (53.0%),313 (100.0%),289 (92.3%),236 (75.4%),0 (0.0%),0 (0.0%),
KDD,2024,563,363 (64.5%),563 (100.0%),512 (90.9%),414 (73.5%),0 (0.0%),0 (0.0%),
KDD,2025,707,409 (57.9%),707 (100.0%),667 (94.3%),513 (72.6%),0 (0.0%),0 (0.0%),
CVPR,2023,2359,1768 (74.9%),2359 (100.0%),2224 (94.3%),1740 (73.8%),0 (0.0%),0 (0.0%),
CVPR,2024,2716,2173 (80.0%),2716 (100.0%),2580 (95.0%),2073 (76.3%),0 (0.0%),0 (0.0%),
CVPR,2025,2871,2253 (78.5%),2871 (100.0%),2731 (95.1%),2144 (74.7%),0 (0.0%),0 (0.0%),
