Title,Submission Date
Is Conditional Generative Modeling all you need for Decision Making?,Not Found
The Lie Derivative for Measuring Learned Equivariance,"6 October, 2022"
Agree to Disagree: Diversity through Disagreement for Better Transferability,"9 February, 2022"
Efficient Conditionally Invariant Representation Learning,"16 December, 2022"
Aligning Model and Macaque Inferior Temporal Cortex Representations Improves Model-to-Human Behavioral Alignment and Adversarial Robustness,Not Found
Transformers Learn Shortcuts to Automata,"19 October, 2022"
In-context Reinforcement Learning with Algorithm Distillation,February 2025
Selection-Inference: Exploiting Large Language Models for Interpretable Logical Reasoning,May 2022
Compressing multidimensional weather and climate data into neural networks,"22 October, 2022"
Confidential-PROFITT: Confidential PROof of FaIr Training of Trees,Not Found
Near-optimal Coresets for Robust Clustering,October 2022
Targeted Hyperparameter Optimization with Lexicographic Preferences Over Multiple Objectives,Not Found
Mastering the Game of No-Press Diplomacy via Human-Regularized Reinforcement Learning and Planning,October 2022
Efficient Attention via Control Variates,February 2023
SAM as an Optimal Relaxation of Bayes,"4 October, 2022"
Learning on Large-scale Text-attributed Graphs via Variational Inference,"26 October, 2022"
Extreme Q-Learning: MaxEnt RL without Entropy,"5 January, 2023"
Efficiently Computing Nash Equilibria in Adversarial Team Markov Games,August 2022
Simplified State Space Layers for Sequence Modeling,October 2024
Moving Forward by Moving Backward: Embedding Action Impact over Action Semantics,April 2023
SimPer: Simple Self-Supervised Learning of Periodic Targets,"6 October, 2022"
PaLI: A Jointly-Scaled Multilingual Language-Image Model,"14 September, 2022"
Sample-Efficient Reinforcement Learning by Breaking the Replay Ratio Barrier,Not Found
Dr.Spider: A Diagnostic Evaluation Benchmark towards Text-to-SQL Robustness,"20 January, 2023"
Temporal Domain Generalization with Drift-Aware Dynamic Neural Networks,"21 May, 2022"
"Draft, Sketch, and Prove: Guiding Formal Theorem Provers with Informal Proofs","21 October, 2022"
REVISITING PRUNING AT INITIALIZATION THROUGH THE LENS OF RAMANUJAN GRAPH,Not Found
Embedding Fourier for Ultra-High-Definition Low-Light Image Enhancement,February 2023
A Call to Reflect on Evaluation Practices for Failure Detection in Image Classification,"28 November, 2022"
Fast and Precise: Adjusting Planning Horizon with Adaptive Subgoal Search,"1 June, 2022"
Towards Open Temporal Graph Neural Networks,"27 March, 2023"
Relative representations enable zero-shot latent space communication,"30 September, 2022"
Language Modelling with Pixels,October 2025
Addressing Parameter Choice Issues in Unsupervised Domain Adaptation by Aggregation,May 2023
Symbolic Physics Learner: Discovering governing equations via Monte Carlo tree search,"25 May, 2022"
Clean-image Backdoor: Attacking Multi-label Models with Poisoned Labels Only,Not Found
Graph Neural Networks for Link Prediction with Subgraph Sketching,"30 September, 2022"
Image to Sphere: Learning Equivariant Features for Efficient Pose Prediction,February 2023
MICN: Multi-scale Local and Global Context Modeling for Long-term Series Forecasting,Not Found
Personalized Federated Learning with Feature Alignment and Classifier Collaboration,June 2023
From Play to Policy: Conditional Behavior Generation from Uncurated Robot Data,"18 October, 2022"
Visual Classification via Description from Large Language Models,"13 October, 2022"
The Modality Focusing Hypothesis: Towards Understanding Crossmodal Knowledge Distillation,"13 June, 2022"
"Multi-Rate VAE: Train Once, Get the Full Rate-Distortion Curve","7 December, 2022"
Near-optimal Policy Identification in Active Reinforcement Learning,December 2022
Conditional Antibody Design as 3D Equivariant Graph Translation,"11 August, 2022"
Emergent World Representations: Exploring a Sequence Model Trained on a Synthetic Task,"24 October, 2022"
Tailoring Language Generation Models under Total Variation Distance,February 2023
Transformers are Sample-Efficient World Models,June 2025
Statistical Efficiency of Score Matching: The View from Isoperimetry,"3 October, 2022"
View Synthesis with Sculpted Neural Points,"11 May, 2022"
AutoGT: Automated Graph Transformer Architecture Search,Not Found
Crossformer: Transformer Utilizing Cross-Dimension Dependency for Multivariate Time Series Forecasting,Not Found
Betty: An Automatic Differentiation Library for Multilevel Optimization,"5 July, 2022"
Offline RL with No OOD Actions: In-Sample Learning via Implicit Value Regularization,March 2023
Win: Weight-Decay-Integrated Nesterov Acceleration for Adaptive Gradient Algorithms,Not Found
Towards Stable Test-time Adaptation in Dynamic Wild World,February 2023
MocoSFL: enabling cross-client collaborative self-supervised learning,Not Found
DaxBench: Benchmarking Deformable Object Manipulation with Differentiable Physics,"24 October, 2022"
3D generation on ImageNet,"11 January, 2025"
Rethinking the Expressive Power of GNNs via Graph Biconnectivity,"23 January, 2023"
Sparse Mixture-of-Experts are Domain Generalizable Learners,"8 June, 2022"
Token Merging: Your ViT But Faster,"17 October, 2022"
Learnable Behavior Control: Breaking Atari Human World Records via Sample-Efficient Behavior Selection,"9 May, 2023"
Image as Set of Points,October 2024
