author,affiliations,authorship_role,file_name,conference_name,paper_title,Country,rank,Date
Hantian Ding,['AWS AI Labs'],FIRST_AUTHOR,A Static Evaluation of Code Completion by Large Language Models.pdf,,,,,"Jun 5, 2023"
Varun Kumar,['AWS AI Labs'],CO_AUTHOR,A Static Evaluation of Code Completion by Large Language Models.pdf,,,,,"Jun 5, 2023"
Yuchen Tian,['AWS AI Labs'],CO_AUTHOR,A Static Evaluation of Code Completion by Large Language Models.pdf,,,,,"Jun 5, 2023"
Zijian Wang,['AWS AI Labs'],CO_AUTHOR,A Static Evaluation of Code Completion by Large Language Models.pdf,,,,,"Jun 5, 2023"
Rob Kwiatkowski,['AWS AI Labs'],CO_AUTHOR,A Static Evaluation of Code Completion by Large Language Models.pdf,,,,,"Jun 5, 2023"
Xiaopeng Li,['AWS AI Labs'],CO_AUTHOR,A Static Evaluation of Code Completion by Large Language Models.pdf,,,,,"Jun 5, 2023"
Murali Krishna Ramanathan,['AWS AI Labs'],CO_AUTHOR,A Static Evaluation of Code Completion by Large Language Models.pdf,,,,,"Jun 5, 2023"
Baishakhi Ray,['AWS AI Labs'],CO_AUTHOR,A Static Evaluation of Code Completion by Large Language Models.pdf,,,,,"Jun 5, 2023"
Parminder Bhatia,['AWS AI Labs'],CO_AUTHOR,A Static Evaluation of Code Completion by Large Language Models.pdf,,,,,"Jun 5, 2023"
Sudipta Sengupta,['AWS AI Labs'],CO_AUTHOR,A Static Evaluation of Code Completion by Large Language Models.pdf,,,,,"Jun 5, 2023"
Dan Roth,['AWS AI Labs'],CO_AUTHOR,A Static Evaluation of Code Completion by Large Language Models.pdf,,,,,"Jun 5, 2023"
Bing Xiang,['AWS AI Labs'],LAST_AUTHOR,A Static Evaluation of Code Completion by Large Language Models.pdf,,,,,"Jun 5, 2023"
Liang Wang,"['Boston University', 'Department of Mathematics', 'and Statistics']",FIRST_AUTHOR,Accurate Training of Web-based Question Answering Systems with Feedback from Ranked Users.pdf,Proceedings of the 61st Annual Meeting of the Association for Computational Linguistics,,United States,85,
Ivano Lauriola,['Amazon Alexa'],CO_AUTHOR,Accurate Training of Web-based Question Answering Systems with Feedback from Ranked Users.pdf,Proceedings of the 61st Annual Meeting of the Association for Computational Linguistics,,,,
Alessandro Moschitti,['Amazon Alexa'],LAST_AUTHOR,Accurate Training of Web-based Question Answering Systems with Feedback from Ranked Users.pdf,Proceedings of the 61st Annual Meeting of the Association for Computational Linguistics,,,,
Md Tahmid Rahman Laskar,"['Dialpad Canada Inc., Vancouver, BC, Canada']",FIRST_AUTHOR,AI Coach Assist An Automated Approach for Call Recommendation in Contact Centers for Agent Coaching.pdf,Proceedings of the 61st Annual Meeting of the Association for Computational Linguistics,,Canada,,"May 28, 2023"
Cheng Chen,"['Dialpad Canada Inc., Vancouver, BC, Canada']",CO_AUTHOR,AI Coach Assist An Automated Approach for Call Recommendation in Contact Centers for Agent Coaching.pdf,Proceedings of the 61st Annual Meeting of the Association for Computational Linguistics,,Canada,,"May 28, 2023"
Xue-Yong Fu,"['Dialpad Canada Inc., Vancouver, BC, Canada']",CO_AUTHOR,AI Coach Assist An Automated Approach for Call Recommendation in Contact Centers for Agent Coaching.pdf,Proceedings of the 61st Annual Meeting of the Association for Computational Linguistics,,Canada,,"May 28, 2023"
Mahsa Azizi,"['Dialpad Canada Inc., Vancouver, BC, Canada']",CO_AUTHOR,AI Coach Assist An Automated Approach for Call Recommendation in Contact Centers for Agent Coaching.pdf,Proceedings of the 61st Annual Meeting of the Association for Computational Linguistics,,Canada,,"May 28, 2023"
Shashi Bhushan TN,"['Dialpad Canada Inc., Vancouver, BC, Canada']",CO_AUTHOR,AI Coach Assist An Automated Approach for Call Recommendation in Contact Centers for Agent Coaching.pdf,Proceedings of the 61st Annual Meeting of the Association for Computational Linguistics,,Canada,,"May 28, 2023"
Simon Corston-Oliver,"['Dialpad Canada Inc., Vancouver, BC, Canada']",LAST_AUTHOR,AI Coach Assist An Automated Approach for Call Recommendation in Contact Centers for Agent Coaching.pdf,Proceedings of the 61st Annual Meeting of the Association for Computational Linguistics,,Canada,,"May 28, 2023"
Seyed Amin Tabatabaei,['Elsevier'],FIRST_AUTHOR,Annotating Research Infrastructure in Scientific Papers An NLP-driven Approach.pdf,Proceedings of the 61st Annual Meeting of the Association for Computational Linguistics,,,,
Georgios Cheirmpos,['Elsevier'],CO_AUTHOR,Annotating Research Infrastructure in Scientific Papers An NLP-driven Approach.pdf,Proceedings of the 61st Annual Meeting of the Association for Computational Linguistics,,,,
Marius Doornenbal,['Elsevier'],CO_AUTHOR,Annotating Research Infrastructure in Scientific Papers An NLP-driven Approach.pdf,Proceedings of the 61st Annual Meeting of the Association for Computational Linguistics,,,,
Alberto Zigoni,['Elsevier'],CO_AUTHOR,Annotating Research Infrastructure in Scientific Papers An NLP-driven Approach.pdf,Proceedings of the 61st Annual Meeting of the Association for Computational Linguistics,,,,
Veronique Moore,['Elsevier'],CO_AUTHOR,Annotating Research Infrastructure in Scientific Papers An NLP-driven Approach.pdf,Proceedings of the 61st Annual Meeting of the Association for Computational Linguistics,,,,
Georgios Tsatsaronis,['Elsevier'],LAST_AUTHOR,Annotating Research Infrastructure in Scientific Papers An NLP-driven Approach.pdf,Proceedings of the 61st Annual Meeting of the Association for Computational Linguistics,,,,
Pedro Faustini,"['Macquarie University, Sydney, NSW, Australia']",FIRST_AUTHOR,Answering Unanswered Questions through Semantic Reformulations in Spoken QA.pdf,,,Australia,146,"May 27, 2023"
Zhiyu Chen,"['Amazon.com, Inc., Seattle, W A, USA']",CO_AUTHOR,Answering Unanswered Questions through Semantic Reformulations in Spoken QA.pdf,,,United States,,"May 27, 2023"
Besnik Fetahu,"['Amazon.com, Inc., Seattle, W A, USA']",CO_AUTHOR,Answering Unanswered Questions through Semantic Reformulations in Spoken QA.pdf,,,United States,,"May 27, 2023"
Oleg Rokhlenko,"['Amazon.com, Inc., Seattle, W A, USA']",CO_AUTHOR,Answering Unanswered Questions through Semantic Reformulations in Spoken QA.pdf,,,United States,,"May 27, 2023"
Shervin Malmasi,"['Amazon.com, Inc., Seattle, W A, USA']",LAST_AUTHOR,Answering Unanswered Questions through Semantic Reformulations in Spoken QA.pdf,,,United States,,"May 27, 2023"
Markus Nußbaum-Thom,['Apple'],FIRST_AUTHOR,Application-Agnostic Language Modeling for On-Device ASR.pdf,Proceedings of the 61st Annual Meeting of the Association for Computational Linguistics,,,,"May 16, 2023"
Lyan V erwimp,['Apple'],CO_AUTHOR,Application-Agnostic Language Modeling for On-Device ASR.pdf,Proceedings of the 61st Annual Meeting of the Association for Computational Linguistics,,,,"May 16, 2023"
Youssef Oualil,['Apple'],LAST_AUTHOR,Application-Agnostic Language Modeling for On-Device ASR.pdf,Proceedings of the 61st Annual Meeting of the Association for Computational Linguistics,,,,"May 16, 2023"
Megha Sharma,['Amazon'],FIRST_AUTHOR,Automated Digitization of Unstructured Medical Prescriptions.pdf,Proceedings of the 61st Annual Meeting of the Association for Computational Linguistics,,,,
Tushar Vatsal,['Amazon'],FIRST_AUTHOR,Automated Digitization of Unstructured Medical Prescriptions.pdf,Proceedings of the 61st Annual Meeting of the Association for Computational Linguistics,,,,
Srujana Merugu,['Amazon'],CO_AUTHOR,Automated Digitization of Unstructured Medical Prescriptions.pdf,Proceedings of the 61st Annual Meeting of the Association for Computational Linguistics,,,,
Aruna Rajan,['Google'],LAST_AUTHOR,Automated Digitization of Unstructured Medical Prescriptions.pdf,Proceedings of the 61st Annual Meeting of the Association for Computational Linguistics,,,,
Wei Zhu,['East China Normal University'],FIRST_AUTHOR,BADGE Speeding Up BERT Inference after Deployment via Block-wise Bypasses and Divergence-based Early.pdf,Proceedings of the 61st Annual Meeting of the Association for Computational Linguistics,,China,200,
Peng Wang,['Tomorrow Advancing Life'],CO_AUTHOR,BADGE Speeding Up BERT Inference after Deployment via Block-wise Bypasses and Divergence-based Early.pdf,Proceedings of the 61st Annual Meeting of the Association for Computational Linguistics,,China,,
Yuan Ni,['Pingan Health Tech'],CO_AUTHOR,BADGE Speeding Up BERT Inference after Deployment via Block-wise Bypasses and Divergence-based Early.pdf,Proceedings of the 61st Annual Meeting of the Association for Computational Linguistics,,China,,
Guotong Xie,['Pingan Health Tech'],CO_AUTHOR,BADGE Speeding Up BERT Inference after Deployment via Block-wise Bypasses and Divergence-based Early.pdf,Proceedings of the 61st Annual Meeting of the Association for Computational Linguistics,,China,,
Xiaoling Wang,['East China Normal University'],LAST_AUTHOR,BADGE Speeding Up BERT Inference after Deployment via Block-wise Bypasses and Divergence-based Early.pdf,Proceedings of the 61st Annual Meeting of the Association for Computational Linguistics,,China,200,
Zekai Chen,"['Bristol-Myers Squibb, NJ, USA']",FIRST_AUTHOR,Boosting Transformers and Language Models for Clinical Prediction in Immunotherapy.pdf,Proceedings of the 61st Annual Meeting of the Association for Computational Linguistics,,USA,,
Mariann Micsinai Balan,"['Bristol-Myers Squibb, NJ, USA']",CO_AUTHOR,Boosting Transformers and Language Models for Clinical Prediction in Immunotherapy.pdf,Proceedings of the 61st Annual Meeting of the Association for Computational Linguistics,,USA,,
Kevin Brown,"['Bristol-Myers Squibb, NJ, USA']",LAST_AUTHOR,Boosting Transformers and Language Models for Clinical Prediction in Immunotherapy.pdf,Proceedings of the 61st Annual Meeting of the Association for Computational Linguistics,,USA,,
Abhinav Goyal,['Flipkart'],FIRST_AUTHOR,Building Accurate Low Latency ASR for Streaming Voice Search in E-commerce.pdf,Proceedings of the 61st Annual Meeting of the Association for Computational Linguistics,,India,,"May 29, 2023"
Nikesh Garera,['Flipkart'],LAST_AUTHOR,Building Accurate Low Latency ASR for Streaming Voice Search in E-commerce.pdf,Proceedings of the 61st Annual Meeting of the Association for Computational Linguistics,,India,,"May 29, 2023"
Jiapeng Wang,"['South China University of Technology, Guangzhou, China']",FIRST_AUTHOR,CocaCLIP Exploring Distillation of Fully-Connected Knowledge Interaction Graph for Lightweight Text-.pdf,Proceedings of the 61st Annual Meeting of the Association for Computational Linguistics,,China,,"May 28, 2023"
Chengyu Wang,"['Alibaba Group, Hangzhou, China']",CO_AUTHOR,CocaCLIP Exploring Distillation of Fully-Connected Knowledge Interaction Graph for Lightweight Text-.pdf,Proceedings of the 61st Annual Meeting of the Association for Computational Linguistics,,China,,"May 28, 2023"
Xiaodan Wang,"['Fudan University, Shanghai, China']",CO_AUTHOR,CocaCLIP Exploring Distillation of Fully-Connected Knowledge Interaction Graph for Lightweight Text-.pdf,Proceedings of the 61st Annual Meeting of the Association for Computational Linguistics,,China,16,"May 28, 2023"
Jun Huang,"['Alibaba Group, Hangzhou, China']",CO_AUTHOR,CocaCLIP Exploring Distillation of Fully-Connected Knowledge Interaction Graph for Lightweight Text-.pdf,Proceedings of the 61st Annual Meeting of the Association for Computational Linguistics,,China,,"May 28, 2023"
Lianwen Jin,"['South China University of Technology, Guangzhou, China']",FIRST_AUTHOR / LAST_AUTHOR,CocaCLIP Exploring Distillation of Fully-Connected Knowledge Interaction Graph for Lightweight Text-.pdf,Proceedings of the 61st Annual Meeting of the Association for Computational Linguistics,,China,,"May 28, 2023"
Guy Horowitz,['Technion – Israel Institute of Technology'],FIRST_AUTHOR,Consistent Text Categorization using Data Augmentation in e-Commerce.pdf,Proceedings of the 61st Annual Meeting of the Association for Computational Linguistics,,Israel,49,"May 9, 2023"
Stav Yanovsky Daye,['Yahoo Research'],CO_AUTHOR,Consistent Text Categorization using Data Augmentation in e-Commerce.pdf,Proceedings of the 61st Annual Meeting of the Association for Computational Linguistics,,,,"May 9, 2023"
Noa Avigdor-Elgrabli,['Yahoo Research'],CO_AUTHOR,Consistent Text Categorization using Data Augmentation in e-Commerce.pdf,Proceedings of the 61st Annual Meeting of the Association for Computational Linguistics,,,,"May 9, 2023"
Ariel Raviv,['Yahoo Research'],LAST_AUTHOR,Consistent Text Categorization using Data Augmentation in e-Commerce.pdf,Proceedings of the 61st Annual Meeting of the Association for Computational Linguistics,,,,"May 9, 2023"
Mohammad Kachuee,['Amazon Alexa AI'],FIRST_AUTHOR,Constrained Policy Optimization for Controlled Self-Learning in Conversational AI Systems.pdf,,,,,"Sep 17, 2022"
Sungjin Lee,['Amazon Alexa AI'],LAST_AUTHOR,Constrained Policy Optimization for Controlled Self-Learning in Conversational AI Systems.pdf,,,,,"Sep 17, 2022"
Sankha Subhra Mullick,"['LinkedIn, India']",FIRST_AUTHOR,Content Moderation for Evolving Policies using Binary Question Answering.pdf,Proceedings of the 61st Annual Meeting of the Association for Computational Linguistics,,India,,
Mohan Premchand Bhambhani,"['LinkedIn, India']",CO_AUTHOR,Content Moderation for Evolving Policies using Binary Question Answering.pdf,Proceedings of the 61st Annual Meeting of the Association for Computational Linguistics,,India,,
Suhit Sinha,"['LinkedIn, India']",CO_AUTHOR,Content Moderation for Evolving Policies using Binary Question Answering.pdf,Proceedings of the 61st Annual Meeting of the Association for Computational Linguistics,,India,,
Akshat Mathur,"['LinkedIn, India']",CO_AUTHOR,Content Moderation for Evolving Policies using Binary Question Answering.pdf,Proceedings of the 61st Annual Meeting of the Association for Computational Linguistics,,India,,
Somya Gupta,"['LinkedIn, India']",CO_AUTHOR,Content Moderation for Evolving Policies using Binary Question Answering.pdf,Proceedings of the 61st Annual Meeting of the Association for Computational Linguistics,,India,,
Jidnya Shah,"['LinkedIn, India']",LAST_AUTHOR,Content Moderation for Evolving Policies using Binary Question Answering.pdf,Proceedings of the 61st Annual Meeting of the Association for Computational Linguistics,,India,,
Simiao Zuo,['Georgia Institute of Technology'],FIRST_AUTHOR,Context-Aware Query Rewriting for Improving Users’ Search Experience on E-commerce Websites.pdf,Proceedings of the 61st Annual Meeting of the Association for Computational Linguistics,,United States,18,"Sep 15, 2022"
Qingyu Yin,['Amazon'],CO_AUTHOR,Context-Aware Query Rewriting for Improving Users’ Search Experience on E-commerce Websites.pdf,Proceedings of the 61st Annual Meeting of the Association for Computational Linguistics,,,,"Sep 15, 2022"
Haoming Jiang,['Amazon'],CO_AUTHOR,Context-Aware Query Rewriting for Improving Users’ Search Experience on E-commerce Websites.pdf,Proceedings of the 61st Annual Meeting of the Association for Computational Linguistics,,,,"Sep 15, 2022"
Shaohui Xi,['Amazon'],CO_AUTHOR,Context-Aware Query Rewriting for Improving Users’ Search Experience on E-commerce Websites.pdf,Proceedings of the 61st Annual Meeting of the Association for Computational Linguistics,,,,"Sep 15, 2022"
Bing Yin,['Amazon'],CO_AUTHOR,Context-Aware Query Rewriting for Improving Users’ Search Experience on E-commerce Websites.pdf,Proceedings of the 61st Annual Meeting of the Association for Computational Linguistics,,,,"Sep 15, 2022"
Chao Zhang,['Georgia Institute of Technology'],CO_AUTHOR,Context-Aware Query Rewriting for Improving Users’ Search Experience on E-commerce Websites.pdf,Proceedings of the 61st Annual Meeting of the Association for Computational Linguistics,,United States,18,"Sep 15, 2022"
Tuo Zhao,['Georgia Institute of Technology'],LAST_AUTHOR,Context-Aware Query Rewriting for Improving Users’ Search Experience on E-commerce Websites.pdf,Proceedings of the 61st Annual Meeting of the Association for Computational Linguistics,,United States,18,"Sep 15, 2022"
Arindam Bhattacharya,"['Amazon, India']",FIRST_AUTHOR,CUPID Curriculum Learning Based Real-Time Prediction using Distillation.pdf,Proceedings of the 61st Annual Meeting of the Association for Computational Linguistics,,India,,
Ankith MS,"['Amazon, India']",CO_AUTHOR,CUPID Curriculum Learning Based Real-Time Prediction using Distillation.pdf,Proceedings of the 61st Annual Meeting of the Association for Computational Linguistics,,India,,
Ankit Gandhi,"['Amazon, India']",CO_AUTHOR,CUPID Curriculum Learning Based Real-Time Prediction using Distillation.pdf,Proceedings of the 61st Annual Meeting of the Association for Computational Linguistics,,India,,
Vijay Huddar,"['Amazon, India']",CO_AUTHOR,CUPID Curriculum Learning Based Real-Time Prediction using Distillation.pdf,Proceedings of the 61st Annual Meeting of the Association for Computational Linguistics,,India,,
Atul Saroop,"['Amazon, India']",CO_AUTHOR,CUPID Curriculum Learning Based Real-Time Prediction using Distillation.pdf,Proceedings of the 61st Annual Meeting of the Association for Computational Linguistics,,India,,
Rahul Bhagat,"['Amazon, USA']",LAST_AUTHOR,CUPID Curriculum Learning Based Real-Time Prediction using Distillation.pdf,Proceedings of the 61st Annual Meeting of the Association for Computational Linguistics,,United States,,
Dedong Li,['SenseTime Research'],FIRST_AUTHOR,CWSeg An Efficient and General Approach to Chinese Word Segmentation.pdf,Proceedings of the 61st Annual Meeting of the Association for Computational Linguistics,,China,,
Rui Zhao,['SenseTime Research'],CO_AUTHOR,CWSeg An Efficient and General Approach to Chinese Word Segmentation.pdf,Proceedings of the 61st Annual Meeting of the Association for Computational Linguistics,,China,,
Fei Tan,['SenseTime Research'],FIRST_AUTHOR / LAST_AUTHOR,CWSeg An Efficient and General Approach to Chinese Word Segmentation.pdf,Proceedings of the 61st Annual Meeting of the Association for Computational Linguistics,,China,,
Paul Darm,"['Mechanical and Aerospace Engineering, University of Strathclyde']",FIRST_AUTHOR,DISCOSQA A Knowledge Base Question Answering System for Space Debris based on Program Induction.pdf,Proceedings of the 61st Annual Meeting of the Association for Computational Linguistics,,United Kingdom,,
Antonio Valerio Miceli-Barone,"['School of Informatics, University of Edinburgh']",CO_AUTHOR,DISCOSQA A Knowledge Base Question Answering System for Space Debris based on Program Induction.pdf,Proceedings of the 61st Annual Meeting of the Association for Computational Linguistics,,United Kingdom,42,
Shay B. Cohen,"['School of Informatics, University of Edinburgh']",CO_AUTHOR,DISCOSQA A Knowledge Base Question Answering System for Space Debris based on Program Induction.pdf,Proceedings of the 61st Annual Meeting of the Association for Computational Linguistics,,United Kingdom,42,
Annalisa Riccardi,"['Mechanical and Aerospace Engineering, University of Strathclyde']",LAST_AUTHOR,DISCOSQA A Knowledge Base Question Answering System for Space Debris based on Program Induction.pdf,Proceedings of the 61st Annual Meeting of the Association for Computational Linguistics,,United Kingdom,,
Alice Johnson,"['Department of Computer Science, University A, Country X']",FIRST_AUTHOR,Distilled Language Models are economically efficient for the enterprise. …mostly..pdf,,,Country X,,
Bob Smith,"['Department of Electrical Engineering, University B, Country Y']",CO_AUTHOR,Distilled Language Models are economically efficient for the enterprise. …mostly..pdf,,,Country Y,,
Carol White,"['School of Informatics, University C, Country Z']",CO_AUTHOR,Distilled Language Models are economically efficient for the enterprise. …mostly..pdf,,,Country Z,,
David Brown,"['School of Informatics, University C, Country Z']",LAST_AUTHOR,Distilled Language Models are economically efficient for the enterprise. …mostly..pdf,,,Country Z,,
Mateusz Wójcik,"['Wroclaw University of Science and Technology', 'Alphamoon Ltd., Wrocław']",FIRST_AUTHOR,Domain-Agnostic Neural Architecture for Class Incremental Continual Learning in Document Processing .pdf,Proceedings of the 61st Annual Meeting of the Association for Computational Linguistics,,Poland,,"Jul 11, 2023"
Witold Ko´sciukiewicz,"['Wroclaw University of Science and Technology', 'Alphamoon Ltd., Wrocław']",CO_AUTHOR,Domain-Agnostic Neural Architecture for Class Incremental Continual Learning in Document Processing .pdf,Proceedings of the 61st Annual Meeting of the Association for Computational Linguistics,,Poland,,"Jul 11, 2023"
Mateusz Baran,"['Wroclaw University of Science and Technology', 'Alphamoon Ltd., Wrocław']",CO_AUTHOR,Domain-Agnostic Neural Architecture for Class Incremental Continual Learning in Document Processing .pdf,Proceedings of the 61st Annual Meeting of the Association for Computational Linguistics,,Poland,,"Jul 11, 2023"
Tomasz Kajdanowicz,"['Wroclaw University of Science and Technology', 'Alphamoon Ltd., Wrocław']",CO_AUTHOR,Domain-Agnostic Neural Architecture for Class Incremental Continual Learning in Document Processing .pdf,Proceedings of the 61st Annual Meeting of the Association for Computational Linguistics,,Poland,,"Jul 11, 2023"
Adam Gonczarek,"['Alphamoon Ltd., Wrocław']",LAST_AUTHOR,Domain-Agnostic Neural Architecture for Class Incremental Continual Learning in Document Processing .pdf,Proceedings of the 61st Annual Meeting of the Association for Computational Linguistics,,Poland,,"Jul 11, 2023"
Mandar Kulkarni,['Flipkart Data Science'],FIRST_AUTHOR,Domain-specific transformer models for query translation.pdf,Proceedings of the 61st Annual Meeting of the Association for Computational Linguistics,,India,,
Nikesh Garera,['Flipkart Data Science'],CO_AUTHOR,Domain-specific transformer models for query translation.pdf,Proceedings of the 61st Annual Meeting of the Association for Computational Linguistics,,India,,
Anusua Trivedi,['Flipkart Data Science'],LAST_AUTHOR,Domain-specific transformer models for query translation.pdf,Proceedings of the 61st Annual Meeting of the Association for Computational Linguistics,,India,,
Jonathan Rubin,"['Amazon Alexa AI, USA']",FIRST_AUTHOR,Entity Contrastive Learning in a Large-Scale Virtual Assistant System.pdf,,,United States,,
Jason Crowley,"['Amazon Alexa AI, USA']",CO_AUTHOR,Entity Contrastive Learning in a Large-Scale Virtual Assistant System.pdf,,,United States,,
George Leung,"['Novo Nordisk A/S, USA']",CO_AUTHOR,Entity Contrastive Learning in a Large-Scale Virtual Assistant System.pdf,,,United States,,
Morteza Ziyadi,"['Amazon Alexa AI, USA']",CO_AUTHOR,Entity Contrastive Learning in a Large-Scale Virtual Assistant System.pdf,,,United States,,
Maria Minakova,"['Amazon Alexa AI, USA']",LAST_AUTHOR,Entity Contrastive Learning in a Large-Scale Virtual Assistant System.pdf,,,United States,,
Ehsan Kamalloo,"['David R. Cheriton School of Computer Science, University of Waterloo']",FIRST_AUTHOR,Evaluating Embedding APIs for Information Retrieval.pdf,Proceedings of the 61st Annual Meeting of the Association for Computational Linguistics,,Canada,42,"May 10, 2023"
Xinyu Zhang,"['David R. Cheriton School of Computer Science, University of Waterloo']",FIRST_AUTHOR,Evaluating Embedding APIs for Information Retrieval.pdf,Proceedings of the 61st Annual Meeting of the Association for Computational Linguistics,,Canada,42,"May 10, 2023"
Odunayo Ogundepo,"['David R. Cheriton School of Computer Science, University of Waterloo']",FIRST_AUTHOR,Evaluating Embedding APIs for Information Retrieval.pdf,Proceedings of the 61st Annual Meeting of the Association for Computational Linguistics,,Canada,42,"May 10, 2023"
Nandan Thakur,"['David R. Cheriton School of Computer Science, University of Waterloo']",FIRST_AUTHOR,Evaluating Embedding APIs for Information Retrieval.pdf,Proceedings of the 61st Annual Meeting of the Association for Computational Linguistics,,Canada,42,"May 10, 2023"
David Alfonso-Hermelo,['Huawei Noah’s Ark Lab'],CO_AUTHOR,Evaluating Embedding APIs for Information Retrieval.pdf,Proceedings of the 61st Annual Meeting of the Association for Computational Linguistics,,China,,"May 10, 2023"
Mehdi Rezagholizadeh,['Huawei Noah’s Ark Lab'],CO_AUTHOR,Evaluating Embedding APIs for Information Retrieval.pdf,Proceedings of the 61st Annual Meeting of the Association for Computational Linguistics,,China,,"May 10, 2023"
Jimmy Lin,"['David R. Cheriton School of Computer Science, University of Waterloo']",LAST_AUTHOR,Evaluating Embedding APIs for Information Retrieval.pdf,Proceedings of the 61st Annual Meeting of the Association for Computational Linguistics,,Canada,42,"May 10, 2023"
Yanan Zhang,['Tencent Inc.'],FIRST_AUTHOR,Event-Centric Query Expansion in Web Search.pdf,Proceedings of the 61st Annual Meeting of the Association for Computational Linguistics,,China,,"May 30, 2023"
Weijie Cui,['University of Science and Technology of China'],FIRST_AUTHOR,Event-Centric Query Expansion in Web Search.pdf,Proceedings of the 61st Annual Meeting of the Association for Computational Linguistics,,China,,"May 30, 2023"
Yangfan Zhang,['Tencent Inc.'],CO_AUTHOR,Event-Centric Query Expansion in Web Search.pdf,Proceedings of the 61st Annual Meeting of the Association for Computational Linguistics,,China,,"May 30, 2023"
Xiaoling Bai,['Tencent Inc.'],CO_AUTHOR,Event-Centric Query Expansion in Web Search.pdf,Proceedings of the 61st Annual Meeting of the Association for Computational Linguistics,,China,,"May 30, 2023"
Zhe Zhang,"['Tencent Inc.', 'University of Science and Technology of China']",CO_AUTHOR,Event-Centric Query Expansion in Web Search.pdf,Proceedings of the 61st Annual Meeting of the Association for Computational Linguistics,,China,,"May 30, 2023"
Jin Ma,['University of Science and Technology of China'],CO_AUTHOR,Event-Centric Query Expansion in Web Search.pdf,Proceedings of the 61st Annual Meeting of the Association for Computational Linguistics,,China,,"May 30, 2023"
Xiang Chen,['Tencent Inc.'],CO_AUTHOR,Event-Centric Query Expansion in Web Search.pdf,Proceedings of the 61st Annual Meeting of the Association for Computational Linguistics,,China,,"May 30, 2023"
Tianhua Zhou,['Tencent Inc.'],LAST_AUTHOR,Event-Centric Query Expansion in Web Search.pdf,Proceedings of the 61st Annual Meeting of the Association for Computational Linguistics,,China,,"May 30, 2023"
Kamer Ali Yuksel,"['aiXplain Inc., 16535 Grant Bishop Lane, Los Gatos, CA 95032, US']",FIRST_AUTHOR,EvolveMT an Ensemble MT Engine Improving Itself with Usage Only.pdf,Proceedings of the 61st Annual Meeting of the Association for Computational Linguistics,,United States,,"Jun 20, 2023"
Ahmet Gunduz,"['aiXplain Inc., 16535 Grant Bishop Lane, Los Gatos, CA 95032, US']",CO_AUTHOR,EvolveMT an Ensemble MT Engine Improving Itself with Usage Only.pdf,Proceedings of the 61st Annual Meeting of the Association for Computational Linguistics,,United States,,"Jun 20, 2023"
Mohamed Al-Badrashiny,"['aiXplain Inc., 16535 Grant Bishop Lane, Los Gatos, CA 95032, US']",CO_AUTHOR,EvolveMT an Ensemble MT Engine Improving Itself with Usage Only.pdf,Proceedings of the 61st Annual Meeting of the Association for Computational Linguistics,,United States,,"Jun 20, 2023"
Shreyas Sharma,"['aiXplain Inc., 16535 Grant Bishop Lane, Los Gatos, CA 95032, US']",CO_AUTHOR,EvolveMT an Ensemble MT Engine Improving Itself with Usage Only.pdf,Proceedings of the 61st Annual Meeting of the Association for Computational Linguistics,,United States,,"Jun 20, 2023"
Hassan Sawaf,"['aiXplain Inc., 16535 Grant Bishop Lane, Los Gatos, CA 95032, US']",LAST_AUTHOR,EvolveMT an Ensemble MT Engine Improving Itself with Usage Only.pdf,Proceedings of the 61st Annual Meeting of the Association for Computational Linguistics,,United States,,"Jun 20, 2023"
Soham Parikh,"['ServiceNow, Inc.']",FIRST_AUTHOR,Exploring Zero and Few-shot Techniques for Intent Classification.pdf,Proceedings of the 61st Annual Meeting of the Association for Computational Linguistics,,United States,,"May 11, 2023"
Prashil Tumbade,"['ServiceNow, Inc.']",CO_AUTHOR,Exploring Zero and Few-shot Techniques for Intent Classification.pdf,Proceedings of the 61st Annual Meeting of the Association for Computational Linguistics,,United States,,"May 11, 2023"
Quaizar Vohra,"['ServiceNow, Inc.']",CO_AUTHOR,Exploring Zero and Few-shot Techniques for Intent Classification.pdf,Proceedings of the 61st Annual Meeting of the Association for Computational Linguistics,,United States,,"May 11, 2023"
Mitul Tiwari,"['ServiceNow, Inc.']",LAST_AUTHOR,Exploring Zero and Few-shot Techniques for Intent Classification.pdf,Proceedings of the 61st Annual Meeting of the Association for Computational Linguistics,,United States,,"May 11, 2023"
Xiaodan Wang,"['Shanghai Key Laboratory of Data Science, School of Computer Science, Fudan University']",FIRST_AUTHOR,FashionKLIP Enhancing E-Commerce Image-Text Retrieval with Fashion Multi-Modal Conceptual Knowledge .pdf,Proceedings of the 61st Annual Meeting of the Association for Computational Linguistics,,China,16,
Chengyu Wang,"['Alibaba Group, Hangzhou, China']",CO_AUTHOR,FashionKLIP Enhancing E-Commerce Image-Text Retrieval with Fashion Multi-Modal Conceptual Knowledge .pdf,Proceedings of the 61st Annual Meeting of the Association for Computational Linguistics,,China,,
Lei Li,"['East China Normal University, Shanghai, China']",CO_AUTHOR,FashionKLIP Enhancing E-Commerce Image-Text Retrieval with Fashion Multi-Modal Conceptual Knowledge .pdf,Proceedings of the 61st Annual Meeting of the Association for Computational Linguistics,,China,200,
Zhixu Li,"['Shanghai Key Laboratory of Data Science, School of Computer Science, Fudan University']",CO_AUTHOR,FashionKLIP Enhancing E-Commerce Image-Text Retrieval with Fashion Multi-Modal Conceptual Knowledge .pdf,Proceedings of the 61st Annual Meeting of the Association for Computational Linguistics,,China,16,
Ben Chen,"['Alibaba Group, Hangzhou, China']",CO_AUTHOR,FashionKLIP Enhancing E-Commerce Image-Text Retrieval with Fashion Multi-Modal Conceptual Knowledge .pdf,Proceedings of the 61st Annual Meeting of the Association for Computational Linguistics,,China,,
Linbo Jin,"['Alibaba Group, Hangzhou, China']",CO_AUTHOR,FashionKLIP Enhancing E-Commerce Image-Text Retrieval with Fashion Multi-Modal Conceptual Knowledge .pdf,Proceedings of the 61st Annual Meeting of the Association for Computational Linguistics,,China,,
Jun Huang,"['Alibaba Group, Hangzhou, China']",CO_AUTHOR,FashionKLIP Enhancing E-Commerce Image-Text Retrieval with Fashion Multi-Modal Conceptual Knowledge .pdf,Proceedings of the 61st Annual Meeting of the Association for Computational Linguistics,,China,,
Yanghua Xiao,"['Shanghai Key Laboratory of Data Science, School of Computer Science, Fudan University']",CO_AUTHOR,FashionKLIP Enhancing E-Commerce Image-Text Retrieval with Fashion Multi-Modal Conceptual Knowledge .pdf,Proceedings of the 61st Annual Meeting of the Association for Computational Linguistics,,China,16,
Ming Gao,"['East China Normal University, Shanghai, China']",LAST_AUTHOR,FashionKLIP Enhancing E-Commerce Image-Text Retrieval with Fashion Multi-Modal Conceptual Knowledge .pdf,Proceedings of the 61st Annual Meeting of the Association for Computational Linguistics,,China,200,
Zheng Xu,['client devices server engineer model deployment federated training model development admin Cross-device Federated Learning'],FIRST_AUTHOR / LAST_AUTHOR,Federated Learning of Gboard Language Models with Differential Privacy.pdf,,,,,29 May 2023
Zhiyu Chen,"['Amazon.com, Inc. Seattle, WA, USA']",FIRST_AUTHOR,Generate-then-Retrieve Intent-Aware FAQ Retrieval in Product Search.pdf,Proceedings of the 61st Annual Meeting of the Association for Computational Linguistics,,United States,,"Jun 6, 2023"
Jason Choi,"['Amazon.com, Inc. Seattle, WA, USA']",CO_AUTHOR,Generate-then-Retrieve Intent-Aware FAQ Retrieval in Product Search.pdf,Proceedings of the 61st Annual Meeting of the Association for Computational Linguistics,,United States,,"Jun 6, 2023"
Besnik Fetahu,"['Amazon.com, Inc. Seattle, WA, USA']",CO_AUTHOR,Generate-then-Retrieve Intent-Aware FAQ Retrieval in Product Search.pdf,Proceedings of the 61st Annual Meeting of the Association for Computational Linguistics,,United States,,"Jun 6, 2023"
Oleg Rokhlenko,"['Amazon.com, Inc. Seattle, WA, USA']",CO_AUTHOR,Generate-then-Retrieve Intent-Aware FAQ Retrieval in Product Search.pdf,Proceedings of the 61st Annual Meeting of the Association for Computational Linguistics,,United States,,"Jun 6, 2023"
Shervin Malmasi,"['Amazon.com, Inc. Seattle, WA, USA']",LAST_AUTHOR,Generate-then-Retrieve Intent-Aware FAQ Retrieval in Product Search.pdf,Proceedings of the 61st Annual Meeting of the Association for Computational Linguistics,,United States,,"Jun 6, 2023"
Shicheng Tan,['Anhui University'],FIRST_AUTHOR,GKD A General Knowledge Distillation Framework for Large-scale Pre-trained Language Model.pdf,Proceedings of the 61st Annual Meeting of the Association for Computational Linguistics,,China,,"Jun 11, 2023"
Weng Lam Tam,['Zhipu.AI'],CO_AUTHOR,GKD A General Knowledge Distillation Framework for Large-scale Pre-trained Language Model.pdf,Proceedings of the 61st Annual Meeting of the Association for Computational Linguistics,,China,,"Jun 11, 2023"
Yuanchun Wang,['Renmin University of China'],CO_AUTHOR,GKD A General Knowledge Distillation Framework for Large-scale Pre-trained Language Model.pdf,Proceedings of the 61st Annual Meeting of the Association for Computational Linguistics,,China,19,"Jun 11, 2023"
Wenwen Gong,['Tsinghua University'],CO_AUTHOR,GKD A General Knowledge Distillation Framework for Large-scale Pre-trained Language Model.pdf,Proceedings of the 61st Annual Meeting of the Association for Computational Linguistics,,China,1,"Jun 11, 2023"
Shu Zhao,['Anhui University'],FIRST_AUTHOR,GKD A General Knowledge Distillation Framework for Large-scale Pre-trained Language Model.pdf,Proceedings of the 61st Annual Meeting of the Association for Computational Linguistics,,China,,"Jun 11, 2023"
Peng Zhang,['Zhipu.AI'],CO_AUTHOR,GKD A General Knowledge Distillation Framework for Large-scale Pre-trained Language Model.pdf,Proceedings of the 61st Annual Meeting of the Association for Computational Linguistics,,China,,"Jun 11, 2023"
Jie Tang,['Tsinghua University'],LAST_AUTHOR,GKD A General Knowledge Distillation Framework for Large-scale Pre-trained Language Model.pdf,Proceedings of the 61st Annual Meeting of the Association for Computational Linguistics,,China,1,"Jun 11, 2023"
Chikara Hashimoto,"['Rakuten Institute of Technology, Rakuten Group, Inc.']",FIRST_AUTHOR,Hunt for Buried Treasures Extracting Unclaimed Embodiments from Patent Specifications.pdf,Proceedings of the 61st Annual Meeting of the Association for Computational Linguistics,,Japan,,
Gautam Kumar,"['Rakuten Institute of Technology, Rakuten Group, Inc.']",FIRST_AUTHOR,Hunt for Buried Treasures Extracting Unclaimed Embodiments from Patent Specifications.pdf,Proceedings of the 61st Annual Meeting of the Association for Computational Linguistics,,Japan,,
Shuichiro Hashimoto,"['Rakuten Institute of Technology, Rakuten Group, Inc.']",FIRST_AUTHOR,Hunt for Buried Treasures Extracting Unclaimed Embodiments from Patent Specifications.pdf,Proceedings of the 61st Annual Meeting of the Association for Computational Linguistics,,Japan,,
Jun Suzuki,"['Center for Data-driven Science and Artificial Intelligence, Tohoku University']",LAST_AUTHOR,Hunt for Buried Treasures Extracting Unclaimed Embodiments from Patent Specifications.pdf,Proceedings of the 61st Annual Meeting of the Association for Computational Linguistics,,Japan,292,
Dongju Park,['NAVER Cloud'],FIRST_AUTHOR,HyperT5 Towards Compute-Efficient Korean Language Modeling.pdf,Proceedings of the 61st Annual Meeting of the Association for Computational Linguistics,,South Korea,,
Soonwon Ka,['NAVER Cloud'],FIRST_AUTHOR,HyperT5 Towards Compute-Efficient Korean Language Modeling.pdf,Proceedings of the 61st Annual Meeting of the Association for Computational Linguistics,,South Korea,,
Kang Min Yoo,"['NAVER Cloud', 'Seoul National University']",FIRST_AUTHOR,HyperT5 Towards Compute-Efficient Korean Language Modeling.pdf,Proceedings of the 61st Annual Meeting of the Association for Computational Linguistics,,South Korea,20,
Gichang Lee,[],CO_AUTHOR,HyperT5 Towards Compute-Efficient Korean Language Modeling.pdf,Proceedings of the 61st Annual Meeting of the Association for Computational Linguistics,,,,
Jaewook Kang,[],LAST_AUTHOR,HyperT5 Towards Compute-Efficient Korean Language Modeling.pdf,Proceedings of the 61st Annual Meeting of the Association for Computational Linguistics,,,,
Changlin Yang,['Ant Group'],FIRST_AUTHOR,Improving Knowledge Production Efficiency With Question Answering on Conversation.pdf,Proceedings of the 61st Annual Meeting of the Association for Computational Linguistics,,China,,
Siye Liu,['Ant Group'],CO_AUTHOR,Improving Knowledge Production Efficiency With Question Answering on Conversation.pdf,Proceedings of the 61st Annual Meeting of the Association for Computational Linguistics,,China,,
Sen Hu,['Ant Group'],CO_AUTHOR,Improving Knowledge Production Efficiency With Question Answering on Conversation.pdf,Proceedings of the 61st Annual Meeting of the Association for Computational Linguistics,,China,,
Wangshu Zhang,['Ant Group'],CO_AUTHOR,Improving Knowledge Production Efficiency With Question Answering on Conversation.pdf,Proceedings of the 61st Annual Meeting of the Association for Computational Linguistics,,China,,
Teng Xu,['Ant Group'],CO_AUTHOR,Improving Knowledge Production Efficiency With Question Answering on Conversation.pdf,Proceedings of the 61st Annual Meeting of the Association for Computational Linguistics,,China,,
Jing Zheng,['Ant Group'],LAST_AUTHOR,Improving Knowledge Production Efficiency With Question Answering on Conversation.pdf,Proceedings of the 61st Annual Meeting of the Association for Computational Linguistics,,China,,
Maxime Prieur,"['Airbus Defence and Space, 1 Bd Jean Moulin, 78990 Elancourt, France', 'CNAM, 292 rue Saint-Martin, 75003 Paris, France']",FIRST_AUTHOR,K-pop and fake facts from texts to smart alerting for maritime security.pdf,Proceedings of the 61st Annual Meeting of the Association for Computational Linguistics,,France,,
Souhir Gahbiche,"['Airbus Defence and Space, 1 Bd Jean Moulin, 78990 Elancourt, France']",CO_AUTHOR,K-pop and fake facts from texts to smart alerting for maritime security.pdf,Proceedings of the 61st Annual Meeting of the Association for Computational Linguistics,,France,,
Guillaume Gadek,"['Airbus Defence and Space, 1 Bd Jean Moulin, 78990 Elancourt, France']",CO_AUTHOR,K-pop and fake facts from texts to smart alerting for maritime security.pdf,Proceedings of the 61st Annual Meeting of the Association for Computational Linguistics,,France,,
Sylvain Gatepaille,"['Airbus Defence and Space, 1 Bd Jean Moulin, 78990 Elancourt, France']",CO_AUTHOR,K-pop and fake facts from texts to smart alerting for maritime security.pdf,Proceedings of the 61st Annual Meeting of the Association for Computational Linguistics,,France,,
Killian Vasnier,"['Airbus Defence and Space, 1 Bd Jean Moulin, 78990 Elancourt, France']",CO_AUTHOR,K-pop and fake facts from texts to smart alerting for maritime security.pdf,Proceedings of the 61st Annual Meeting of the Association for Computational Linguistics,,France,,
Valerian Justine,"['Airbus Defence and Space, 1 Bd Jean Moulin, 78990 Elancourt, France']",LAST_AUTHOR,K-pop and fake facts from texts to smart alerting for maritime security.pdf,Proceedings of the 61st Annual Meeting of the Association for Computational Linguistics,,France,,
Zhiwei Jia,['UC San Diego'],FIRST_AUTHOR,KAFA Rethinking Image Ad Understanding with Knowledge-Augmented Feature Adaptation of Vision-Languag.pdf,Proceedings of the 61st Annual Meeting of the Association for Computational Linguistics,,United States,,28 May 2023
Pradyumna Narayana,['Google'],CO_AUTHOR,KAFA Rethinking Image Ad Understanding with Knowledge-Augmented Feature Adaptation of Vision-Languag.pdf,Proceedings of the 61st Annual Meeting of the Association for Computational Linguistics,,,,28 May 2023
Arjun R. Akula,['Google'],CO_AUTHOR,KAFA Rethinking Image Ad Understanding with Knowledge-Augmented Feature Adaptation of Vision-Languag.pdf,Proceedings of the 61st Annual Meeting of the Association for Computational Linguistics,,,,28 May 2023
Garima Pruthi,['Google'],CO_AUTHOR,KAFA Rethinking Image Ad Understanding with Knowledge-Augmented Feature Adaptation of Vision-Languag.pdf,Proceedings of the 61st Annual Meeting of the Association for Computational Linguistics,,,,28 May 2023
Hao Su,['UC San Diego'],CO_AUTHOR,KAFA Rethinking Image Ad Understanding with Knowledge-Augmented Feature Adaptation of Vision-Languag.pdf,Proceedings of the 61st Annual Meeting of the Association for Computational Linguistics,,United States,,28 May 2023
Sugato Basu,['Google'],CO_AUTHOR,KAFA Rethinking Image Ad Understanding with Knowledge-Augmented Feature Adaptation of Vision-Languag.pdf,Proceedings of the 61st Annual Meeting of the Association for Computational Linguistics,,,,28 May 2023
Varun Jampani,['Google'],LAST_AUTHOR,KAFA Rethinking Image Ad Understanding with Knowledge-Augmented Feature Adaptation of Vision-Languag.pdf,Proceedings of the 61st Annual Meeting of the Association for Computational Linguistics,,,,28 May 2023
Qinjin Jia,['North Carolina State University'],FIRST_AUTHOR,KG-FLIP Knowledge-guided Fashion-domain Language-Image Pre-training for E-commerce.pdf,,,United States,138,
Yang Liu,"['Amazon.com, Inc.']",CO_AUTHOR,KG-FLIP Knowledge-guided Fashion-domain Language-Image Pre-training for E-commerce.pdf,,,United States,,
Shaoyuan Xu,"['Amazon.com, Inc.']",CO_AUTHOR,KG-FLIP Knowledge-guided Fashion-domain Language-Image Pre-training for E-commerce.pdf,,,United States,,
Huidong Liu,"['Amazon.com, Inc.']",CO_AUTHOR,KG-FLIP Knowledge-guided Fashion-domain Language-Image Pre-training for E-commerce.pdf,,,United States,,
Daoping Wu,['Iowa State University'],FIRST_AUTHOR,KG-FLIP Knowledge-guided Fashion-domain Language-Image Pre-training for E-commerce.pdf,,,United States,200,
Jinmiao Fu,"['Amazon.com, Inc.']",CO_AUTHOR,KG-FLIP Knowledge-guided Fashion-domain Language-Image Pre-training for E-commerce.pdf,,,United States,,
Roland V ollgraf,"['Amazon.com, Inc.']",CO_AUTHOR,KG-FLIP Knowledge-guided Fashion-domain Language-Image Pre-training for E-commerce.pdf,,,United States,,
Bryan Wang,"['Amazon.com, Inc.']",LAST_AUTHOR,KG-FLIP Knowledge-guided Fashion-domain Language-Image Pre-training for E-commerce.pdf,,,United States,,
Hwaran Lee,"['NA VER AI Lab', 'NA VER Cloud']",FIRST_AUTHOR,KoSBI A Dataset for Mitigating Social Bias Risks Towards Safer Large Language Model Applications.pdf,Proceedings of the 61st Annual Meeting of the Association for Computational Linguistics,,South Korea,,"May 28, 2023"
Seokhee Hong,['Seoul National University'],FIRST_AUTHOR,KoSBI A Dataset for Mitigating Social Bias Risks Towards Safer Large Language Model Applications.pdf,Proceedings of the 61st Annual Meeting of the Association for Computational Linguistics,,South Korea,20,"May 28, 2023"
Joonsuk Park,"['NA VER AI Lab', 'NA VER Cloud', 'University of Richmond']",CO_AUTHOR,KoSBI A Dataset for Mitigating Social Bias Risks Towards Safer Large Language Model Applications.pdf,Proceedings of the 61st Annual Meeting of the Association for Computational Linguistics,,South Korea; United States,,"May 28, 2023"
Takyoung Kim,['NA VER AI Lab'],CO_AUTHOR,KoSBI A Dataset for Mitigating Social Bias Risks Towards Safer Large Language Model Applications.pdf,Proceedings of the 61st Annual Meeting of the Association for Computational Linguistics,,South Korea,,"May 28, 2023"
Gunhee Kim,['Seoul National University'],CO_AUTHOR,KoSBI A Dataset for Mitigating Social Bias Risks Towards Safer Large Language Model Applications.pdf,Proceedings of the 61st Annual Meeting of the Association for Computational Linguistics,,South Korea,20,"May 28, 2023"
Jung-Woo Ha,"['NA VER AI Lab', 'NA VER Cloud']",LAST_AUTHOR,KoSBI A Dataset for Mitigating Social Bias Risks Towards Safer Large Language Model Applications.pdf,Proceedings of the 61st Annual Meeting of the Association for Computational Linguistics,,South Korea,,"May 28, 2023"
Mandar Kulkarni,['Flipkart Data Science'],FIRST_AUTHOR,Label efficient semi-supervised conversational intent classification.pdf,Proceedings of the 61st Annual Meeting of the Association for Computational Linguistics,,India,,
Kyung Kim,['Flipkart Data Science'],CO_AUTHOR,Label efficient semi-supervised conversational intent classification.pdf,Proceedings of the 61st Annual Meeting of the Association for Computational Linguistics,,India,,
Nikesh Garera,['Flipkart Data Science'],CO_AUTHOR,Label efficient semi-supervised conversational intent classification.pdf,Proceedings of the 61st Annual Meeting of the Association for Computational Linguistics,,India,,
Anusua Trivedi,['Flipkart Data Science'],LAST_AUTHOR,Label efficient semi-supervised conversational intent classification.pdf,Proceedings of the 61st Annual Meeting of the Association for Computational Linguistics,,India,,
Anant Khandelwal,"['Ads Trust', 'Amazon']",FIRST_AUTHOR,Large Scale Generative Multimodal Attribute Extraction for E-commerce Attributes.pdf,,,,,1 Jun 2023
Happy Mittal,"['International Machine Learning', 'Amazon']",CO_AUTHOR,Large Scale Generative Multimodal Attribute Extraction for E-commerce Attributes.pdf,,,,,1 Jun 2023
Shreyas Sunil Kulkarni,"['International Machine Learning', 'Amazon']",CO_AUTHOR,Large Scale Generative Multimodal Attribute Extraction for E-commerce Attributes.pdf,,,,,1 Jun 2023
Deepak Gupta,"['International Machine Learning', 'Amazon']",LAST_AUTHOR,Large Scale Generative Multimodal Attribute Extraction for E-commerce Attributes.pdf,,,,,1 Jun 2023
Shima Imani,"['Microsoft Research, Redmond, USA']",FIRST_AUTHOR,MathPrompter Mathematical Reasoning using Large Language Models.pdf,Proceedings of the 61st Annual Meeting of the Association for Computational Linguistics,,USA,,"Mar 4, 2023"
Liang Du,"['Microsoft Research, Redmond, USA']",CO_AUTHOR,MathPrompter Mathematical Reasoning using Large Language Models.pdf,Proceedings of the 61st Annual Meeting of the Association for Computational Linguistics,,USA,,"Mar 4, 2023"
Harsh Shrivastava,"['Microsoft Research, Redmond, USA']",LAST_AUTHOR,MathPrompter Mathematical Reasoning using Large Language Models.pdf,Proceedings of the 61st Annual Meeting of the Association for Computational Linguistics,,USA,,"Mar 4, 2023"
Donato Crisostomi,"['Amazon Alexa AI', 'Sapienza, University of Rome']",FIRST_AUTHOR,Mitigating the Burden of Redundant Datasets via Batch-Wise Unique Samples and Frequency-Aware Losses.pdf,Proceedings of the 61st Annual Meeting of the Association for Computational Linguistics,,Italy,160,
Andrea Caciolai,"['Amazon Alexa AI', 'Sapienza, University of Rome']",FIRST_AUTHOR,Mitigating the Burden of Redundant Datasets via Batch-Wise Unique Samples and Frequency-Aware Losses.pdf,Proceedings of the 61st Annual Meeting of the Association for Computational Linguistics,,Italy,160,
Alessandro Pedrani,['Amazon Alexa AI'],CO_AUTHOR,Mitigating the Burden of Redundant Datasets via Batch-Wise Unique Samples and Frequency-Aware Losses.pdf,Proceedings of the 61st Annual Meeting of the Association for Computational Linguistics,,,,
Alessandro Manzotti,['Amazon Alexa AI'],CO_AUTHOR,Mitigating the Burden of Redundant Datasets via Batch-Wise Unique Samples and Frequency-Aware Losses.pdf,Proceedings of the 61st Annual Meeting of the Association for Computational Linguistics,,,,
Enrico Palumbo,['Amazon Alexa AI'],CO_AUTHOR,Mitigating the Burden of Redundant Datasets via Batch-Wise Unique Samples and Frequency-Aware Losses.pdf,Proceedings of the 61st Annual Meeting of the Association for Computational Linguistics,,,,
Kay Rottmann,['Amazon Alexa AI'],CO_AUTHOR,Mitigating the Burden of Redundant Datasets via Batch-Wise Unique Samples and Frequency-Aware Losses.pdf,Proceedings of the 61st Annual Meeting of the Association for Computational Linguistics,,,,
Davide Bernardi,['Amazon Alexa AI'],LAST_AUTHOR,Mitigating the Burden of Redundant Datasets via Batch-Wise Unique Samples and Frequency-Aware Losses.pdf,Proceedings of the 61st Annual Meeting of the Association for Computational Linguistics,,,,
Ye Lin,"['NLP Lab, School of Computer Science and Engineering, Northeastern University, Shenyang, China']",FIRST_AUTHOR,MobileNMT Enabling Translation in 15MB and 30ms.pdf,Proceedings of the 61st Annual Meeting of the Association for Computational Linguistics,,United States,35,"Jun 7, 2023"
Xiaohui Wang,['ByteDance'],CO_AUTHOR,MobileNMT Enabling Translation in 15MB and 30ms.pdf,Proceedings of the 61st Annual Meeting of the Association for Computational Linguistics,,China,,"Jun 7, 2023"
Zhexi Zhang,['ByteDance'],CO_AUTHOR,MobileNMT Enabling Translation in 15MB and 30ms.pdf,Proceedings of the 61st Annual Meeting of the Association for Computational Linguistics,,China,,"Jun 7, 2023"
Mingxuan Wang,['ByteDance'],CO_AUTHOR,MobileNMT Enabling Translation in 15MB and 30ms.pdf,Proceedings of the 61st Annual Meeting of the Association for Computational Linguistics,,China,,"Jun 7, 2023"
Tong Xiao,"['NLP Lab, School of Computer Science and Engineering, Northeastern University, Shenyang, China', 'NiuTrans Research, Shenyang, China']",FIRST_AUTHOR,MobileNMT Enabling Translation in 15MB and 30ms.pdf,Proceedings of the 61st Annual Meeting of the Association for Computational Linguistics,,United States,35,"Jun 7, 2023"
Jingbo Zhu,"['NLP Lab, School of Computer Science and Engineering, Northeastern University, Shenyang, China', 'NiuTrans Research, Shenyang, China']",LAST_AUTHOR,MobileNMT Enabling Translation in 15MB and 30ms.pdf,Proceedings of the 61st Annual Meeting of the Association for Computational Linguistics,,United States,35,"Jun 7, 2023"
Aidan San,['University of Virginia'],FIRST_AUTHOR,PLAtE A Large-scale Dataset for List Page Web Extraction.pdf,,,United States,75,"May 24, 2022"
Yuan Zhuang,['University of Utah'],FIRST_AUTHOR,PLAtE A Large-scale Dataset for List Page Web Extraction.pdf,,,United States,126,"May 24, 2022"
Jan Bakus,['Amazon'],CO_AUTHOR,PLAtE A Large-scale Dataset for List Page Web Extraction.pdf,,,,,"May 24, 2022"
Colin Lockard,['Amazon'],CO_AUTHOR,PLAtE A Large-scale Dataset for List Page Web Extraction.pdf,,,,,"May 24, 2022"
David Ciemiewicz,['Amazon'],CO_AUTHOR,PLAtE A Large-scale Dataset for List Page Web Extraction.pdf,,,,,"May 24, 2022"
Sandeep Atluri,['Amazon'],CO_AUTHOR,PLAtE A Large-scale Dataset for List Page Web Extraction.pdf,,,,,"May 24, 2022"
Yangfeng Ji,['University of Virginia'],CO_AUTHOR,PLAtE A Large-scale Dataset for List Page Web Extraction.pdf,,,United States,75,"May 24, 2022"
Kevin Small,['Amazon'],CO_AUTHOR,PLAtE A Large-scale Dataset for List Page Web Extraction.pdf,,,,,"May 24, 2022"
Heba Elfardy,['Amazon'],LAST_AUTHOR,PLAtE A Large-scale Dataset for List Page Web Extraction.pdf,,,,,"May 24, 2022"
Francesco Fusco,['IBM Research'],FIRST_AUTHOR,pNLP-Mixer an Efficient all-MLP Architecture for Language.pdf,,,,,"Feb 9, 2022"
Damian Pascual,['Telepathy Labs'],CO_AUTHOR,pNLP-Mixer an Efficient all-MLP Architecture for Language.pdf,,,,,"Feb 9, 2022"
Peter Staar,['IBM Research'],CO_AUTHOR,pNLP-Mixer an Efficient all-MLP Architecture for Language.pdf,,,,,"Feb 9, 2022"
Diego Antognini,['IBM Research'],LAST_AUTHOR,pNLP-Mixer an Efficient all-MLP Architecture for Language.pdf,,,,,"Feb 9, 2022"
Bingyan Liu,"['South China University of Technology, Guangzhou, China', 'Alibaba Group, Hangzhou, China']",FIRST_AUTHOR,Rapid Diffusion Building Domain-Specific Text-to-Image Synthesizers with Fast Inference Speed.pdf,Proceedings of the 61st Annual Meeting of the Association for Computational Linguistics,,China,,
Weifeng Lin,"['South China University of Technology, Guangzhou, China', 'Alibaba Group, Hangzhou, China']",FIRST_AUTHOR,Rapid Diffusion Building Domain-Specific Text-to-Image Synthesizers with Fast Inference Speed.pdf,Proceedings of the 61st Annual Meeting of the Association for Computational Linguistics,,China,,
Zhongjie Duan,"['South China University of Technology, Guangzhou, China', 'East China Normal University, Shanghai, China', 'Alibaba Group, Hangzhou, China']",CO_AUTHOR,Rapid Diffusion Building Domain-Specific Text-to-Image Synthesizers with Fast Inference Speed.pdf,Proceedings of the 61st Annual Meeting of the Association for Computational Linguistics,,China,200,
Chengyu Wang,"['Alibaba Group, Hangzhou, China']",CO_AUTHOR,Rapid Diffusion Building Domain-Specific Text-to-Image Synthesizers with Fast Inference Speed.pdf,Proceedings of the 61st Annual Meeting of the Association for Computational Linguistics,,China,,
Ziheng Wu,"['Alibaba Group, Hangzhou, China']",CO_AUTHOR,Rapid Diffusion Building Domain-Specific Text-to-Image Synthesizers with Fast Inference Speed.pdf,Proceedings of the 61st Annual Meeting of the Association for Computational Linguistics,,China,,
Zipeng Zhang,"['Alibaba Group, Hangzhou, China']",CO_AUTHOR,Rapid Diffusion Building Domain-Specific Text-to-Image Synthesizers with Fast Inference Speed.pdf,Proceedings of the 61st Annual Meeting of the Association for Computational Linguistics,,China,,
Kui Jia,"['South China University of Technology, Guangzhou, China']",CO_AUTHOR,Rapid Diffusion Building Domain-Specific Text-to-Image Synthesizers with Fast Inference Speed.pdf,Proceedings of the 61st Annual Meeting of the Association for Computational Linguistics,,China,,
Lianwen Jin,"['South China University of Technology, Guangzhou, China']",CO_AUTHOR,Rapid Diffusion Building Domain-Specific Text-to-Image Synthesizers with Fast Inference Speed.pdf,Proceedings of the 61st Annual Meeting of the Association for Computational Linguistics,,China,,
Cen Chen,"['East China Normal University, Shanghai, China']",CO_AUTHOR,Rapid Diffusion Building Domain-Specific Text-to-Image Synthesizers with Fast Inference Speed.pdf,Proceedings of the 61st Annual Meeting of the Association for Computational Linguistics,,China,200,
Jun Huang,"['Alibaba Group, Hangzhou, China']",LAST_AUTHOR,Rapid Diffusion Building Domain-Specific Text-to-Image Synthesizers with Fast Inference Speed.pdf,Proceedings of the 61st Annual Meeting of the Association for Computational Linguistics,,China,,
Dieu-Thu Le,['Amazon Alexa AI'],FIRST_AUTHOR,Reducing cohort bias in natural language understanding systems with targeted self-training scheme.pdf,,,,,
Gabriela Cortes,['Amazon Alexa AI'],CO_AUTHOR,Reducing cohort bias in natural language understanding systems with targeted self-training scheme.pdf,,,,,
Bei Chen,['Amazon Alexa AI'],CO_AUTHOR,Reducing cohort bias in natural language understanding systems with targeted self-training scheme.pdf,,,,,
Melanie Bradford,['Amazon Alexa AI'],LAST_AUTHOR,Reducing cohort bias in natural language understanding systems with targeted self-training scheme.pdf,,,,,
Shruti Bhargava,['Apple Inc.'],FIRST_AUTHOR,Referring to Screen Texts with Voice Assistants.pdf,Proceedings of the 61st Annual Meeting of the Association for Computational Linguistics,,United States,,"Jun 10, 2023"
Anand Dhoot,['Apple Inc.'],CO_AUTHOR,Referring to Screen Texts with Voice Assistants.pdf,Proceedings of the 61st Annual Meeting of the Association for Computational Linguistics,,United States,,"Jun 10, 2023"
Ing-Marie Jonsson,['Apple Inc.'],CO_AUTHOR,Referring to Screen Texts with Voice Assistants.pdf,Proceedings of the 61st Annual Meeting of the Association for Computational Linguistics,,United States,,"Jun 10, 2023"
Hoang Long Nguyen,['Apple Inc.'],CO_AUTHOR,Referring to Screen Texts with Voice Assistants.pdf,Proceedings of the 61st Annual Meeting of the Association for Computational Linguistics,,United States,,"Jun 10, 2023"
Alkesh Patel,['Apple Inc.'],CO_AUTHOR,Referring to Screen Texts with Voice Assistants.pdf,Proceedings of the 61st Annual Meeting of the Association for Computational Linguistics,,United States,,"Jun 10, 2023"
Hong Yu,['Apple Inc.'],CO_AUTHOR,Referring to Screen Texts with Voice Assistants.pdf,Proceedings of the 61st Annual Meeting of the Association for Computational Linguistics,,United States,,"Jun 10, 2023"
Vincent Renkens,['Apple Inc.'],LAST_AUTHOR,Referring to Screen Texts with Voice Assistants.pdf,Proceedings of the 61st Annual Meeting of the Association for Computational Linguistics,,United States,,"Jun 10, 2023"
Andrea Caciolai,['Amazon Alexa AI'],FIRST_AUTHOR,Regression-Free Model Updates for Spoken Language Understanding.pdf,Proceedings of the 61st Annual Meeting of the Association for Computational Linguistics,,,,
V erena Weber,['Amazon Alexa AI'],CO_AUTHOR,Regression-Free Model Updates for Spoken Language Understanding.pdf,Proceedings of the 61st Annual Meeting of the Association for Computational Linguistics,,,,
Tobias Falke,['Amazon Alexa AI'],CO_AUTHOR,Regression-Free Model Updates for Spoken Language Understanding.pdf,Proceedings of the 61st Annual Meeting of the Association for Computational Linguistics,,,,
Alessandro Pedrani,['Amazon Alexa AI'],CO_AUTHOR,Regression-Free Model Updates for Spoken Language Understanding.pdf,Proceedings of the 61st Annual Meeting of the Association for Computational Linguistics,,,,
Davide Bernardi,['Amazon Alexa AI'],LAST_AUTHOR,Regression-Free Model Updates for Spoken Language Understanding.pdf,Proceedings of the 61st Annual Meeting of the Association for Computational Linguistics,,,,
Ella Rabinovich Matan V etzler,['IBM Research'],FIRST_AUTHOR,Reliable and Interpretable Drift Detection in Streams of Short Texts.pdf,Proceedings of the 61st Annual Meeting of the Association for Computational Linguistics,,,,"May 28, 2023"
Samuel Ackerman,['IBM Research'],CO_AUTHOR,Reliable and Interpretable Drift Detection in Streams of Short Texts.pdf,Proceedings of the 61st Annual Meeting of the Association for Computational Linguistics,,,,"May 28, 2023"
Ateret Anaby-Tavor,['IBM Research'],LAST_AUTHOR,Reliable and Interpretable Drift Detection in Streams of Short Texts.pdf,Proceedings of the 61st Annual Meeting of the Association for Computational Linguistics,,,,"May 28, 2023"
Zhenting Qi,['Zhejiang University'],FIRST_AUTHOR,SaFER A Robust and Efficient Framework for Fine-tuning BERT-based Classifier with Noisy Labels.pdf,Proceedings of the 61st Annual Meeting of the Association for Computational Linguistics,,China,2,
Xiaoyu Tan,"['INF Technology (Shanghai) Co., Ltd.']",FIRST_AUTHOR,SaFER A Robust and Efficient Framework for Fine-tuning BERT-based Classifier with Noisy Labels.pdf,Proceedings of the 61st Annual Meeting of the Association for Computational Linguistics,,China,,
Chao Qu,"['INF Technology (Shanghai) Co., Ltd.']",CO_AUTHOR,SaFER A Robust and Efficient Framework for Fine-tuning BERT-based Classifier with Noisy Labels.pdf,Proceedings of the 61st Annual Meeting of the Association for Computational Linguistics,,China,,
Yinghui Xu,['Fudan University'],CO_AUTHOR,SaFER A Robust and Efficient Framework for Fine-tuning BERT-based Classifier with Noisy Labels.pdf,Proceedings of the 61st Annual Meeting of the Association for Computational Linguistics,,China,16,
Yuan Qi,['Fudan University'],LAST_AUTHOR,SaFER A Robust and Efficient Framework for Fine-tuning BERT-based Classifier with Noisy Labels.pdf,Proceedings of the 61st Annual Meeting of the Association for Computational Linguistics,,China,16,
Sarthak Ahuja,"['Amazon Alexa AI, Seattle, WA']",FIRST_AUTHOR,Scalable and Safe Remediation of Defective Actions in Self-Learning Conversational Systems.pdf,,,United States,,"May 17, 2023"
Mohammad Kachuee,"['Amazon Alexa AI, Seattle, WA']",CO_AUTHOR,Scalable and Safe Remediation of Defective Actions in Self-Learning Conversational Systems.pdf,,,United States,,"May 17, 2023"
Fateme Sheikholeslami,"['Amazon Alexa AI, Seattle, WA']",CO_AUTHOR,Scalable and Safe Remediation of Defective Actions in Self-Learning Conversational Systems.pdf,,,United States,,"May 17, 2023"
Weiqing Liu,"['Amazon Alexa AI, Seattle, WA']",CO_AUTHOR,Scalable and Safe Remediation of Defective Actions in Self-Learning Conversational Systems.pdf,,,United States,,"May 17, 2023"
Jaeyoung Do,"['Amazon Alexa AI, Seattle, WA']",LAST_AUTHOR,Scalable and Safe Remediation of Defective Actions in Self-Learning Conversational Systems.pdf,,,United States,,"May 17, 2023"
Vishal Kakkar,['Microsoft India'],FIRST_AUTHOR,Search Query Spell Correction with Weak Supervision in E-commerce.pdf,Proceedings of the 61st Annual Meeting of the Association for Computational Linguistics,,India,,
Chinmay Sharma,['Flipkart Internet Private Limited'],CO_AUTHOR,Search Query Spell Correction with Weak Supervision in E-commerce.pdf,Proceedings of the 61st Annual Meeting of the Association for Computational Linguistics,,India,,
Madhura Pande,['Flipkart Internet Private Limited'],CO_AUTHOR,Search Query Spell Correction with Weak Supervision in E-commerce.pdf,Proceedings of the 61st Annual Meeting of the Association for Computational Linguistics,,India,,
Surender Kumar,['Flipkart Internet Private Limited'],LAST_AUTHOR,Search Query Spell Correction with Weak Supervision in E-commerce.pdf,Proceedings of the 61st Annual Meeting of the Association for Computational Linguistics,,India,,
Sheng Jiang,"['AI Speech Co, Ltd., Suzhou, China']",FIRST_AUTHOR,SPM A Split-Parsing Method for Joint Multi-Intent Detection and Slot Filling.pdf,Proceedings of the 61st Annual Meeting of the Association for Computational Linguistics,,China,,"Aug 28, 2023"
Su Zhu,"['AI Speech Co, Ltd., Suzhou, China']",FIRST_AUTHOR,SPM A Split-Parsing Method for Joint Multi-Intent Detection and Slot Filling.pdf,Proceedings of the 61st Annual Meeting of the Association for Computational Linguistics,,China,,"Aug 28, 2023"
Ruisheng Cao,"['Shanghai Jiao Tong University, Shanghai, China']",CO_AUTHOR,SPM A Split-Parsing Method for Joint Multi-Intent Detection and Slot Filling.pdf,Proceedings of the 61st Annual Meeting of the Association for Computational Linguistics,,China,5,"Aug 28, 2023"
Qingliang Miao,"['AI Speech Co, Ltd., Suzhou, China']",CO_AUTHOR,SPM A Split-Parsing Method for Joint Multi-Intent Detection and Slot Filling.pdf,Proceedings of the 61st Annual Meeting of the Association for Computational Linguistics,,China,,"Aug 28, 2023"
Kai YU,"['AI Speech Co, Ltd., Suzhou, China', 'Shanghai Jiao Tong University, Shanghai, China']",LAST_AUTHOR,SPM A Split-Parsing Method for Joint Multi-Intent Detection and Slot Filling.pdf,Proceedings of the 61st Annual Meeting of the Association for Computational Linguistics,,China,5,"Aug 28, 2023"
Kewei Cheng,"['University of California, Los Angeles']",FIRST_AUTHOR,Tab-Cleaner Weakly Supervised Tabular Data Cleaning via Pre-training for E-commerce Catalog.pdf,Proceedings of the 61st Annual Meeting of the Association for Computational Linguistics,,United States,,
Xian Li,['Amazon'],CO_AUTHOR,Tab-Cleaner Weakly Supervised Tabular Data Cleaning via Pre-training for E-commerce Catalog.pdf,Proceedings of the 61st Annual Meeting of the Association for Computational Linguistics,,,,
Zhengyang Wang,['Amazon'],CO_AUTHOR,Tab-Cleaner Weakly Supervised Tabular Data Cleaning via Pre-training for E-commerce Catalog.pdf,Proceedings of the 61st Annual Meeting of the Association for Computational Linguistics,,,,
Chenwei Zhang,['Amazon'],CO_AUTHOR,Tab-Cleaner Weakly Supervised Tabular Data Cleaning via Pre-training for E-commerce Catalog.pdf,Proceedings of the 61st Annual Meeting of the Association for Computational Linguistics,,,,
Binxuan Huang,['Amazon'],CO_AUTHOR,Tab-Cleaner Weakly Supervised Tabular Data Cleaning via Pre-training for E-commerce Catalog.pdf,Proceedings of the 61st Annual Meeting of the Association for Computational Linguistics,,,,
Yifan Ethan Xu,['Meta AI'],CO_AUTHOR,Tab-Cleaner Weakly Supervised Tabular Data Cleaning via Pre-training for E-commerce Catalog.pdf,Proceedings of the 61st Annual Meeting of the Association for Computational Linguistics,,,,
Xin Luna Dong,['Meta AI'],CO_AUTHOR,Tab-Cleaner Weakly Supervised Tabular Data Cleaning via Pre-training for E-commerce Catalog.pdf,Proceedings of the 61st Annual Meeting of the Association for Computational Linguistics,,,,
Yizhou Sun,"['University of California, Los Angeles']",LAST_AUTHOR,Tab-Cleaner Weakly Supervised Tabular Data Cleaning via Pre-training for E-commerce Catalog.pdf,Proceedings of the 61st Annual Meeting of the Association for Computational Linguistics,,United States,,
Abishek Komma,['Amazon Alexa AI'],FIRST_AUTHOR,Toward More Accurate and Generalizable Evaluation Metrics for Task-Oriented Dialogs.pdf,,,,,
Nagesh Panyam Chandrasekarasastry,['Amazon Alexa AI'],CO_AUTHOR,Toward More Accurate and Generalizable Evaluation Metrics for Task-Oriented Dialogs.pdf,,,,,
Timothy Leffel,['Amazon Alexa AI'],CO_AUTHOR,Toward More Accurate and Generalizable Evaluation Metrics for Task-Oriented Dialogs.pdf,,,,,
Anuj Goyal,['Amazon Alexa AI'],CO_AUTHOR,Toward More Accurate and Generalizable Evaluation Metrics for Task-Oriented Dialogs.pdf,,,,,
Angeliki Metallinou,['Amazon Alexa AI'],CO_AUTHOR,Toward More Accurate and Generalizable Evaluation Metrics for Task-Oriented Dialogs.pdf,,,,,
Spyros Matsoukas,['Amazon Alexa AI'],CO_AUTHOR,Toward More Accurate and Generalizable Evaluation Metrics for Task-Oriented Dialogs.pdf,,,,,
Aram Galstyan,['Amazon Alexa AI'],LAST_AUTHOR,Toward More Accurate and Generalizable Evaluation Metrics for Task-Oriented Dialogs.pdf,,,,,
Dmitriy Bespalov,['Amazon Web Services AI ML'],FIRST_AUTHOR,Towards Building a Robust Toxicity Predictor.pdf,,,,,"Apr 9, 2024"
Sourav Bhabesh,['Amazon Web Services AI ML'],CO_AUTHOR,Towards Building a Robust Toxicity Predictor.pdf,,,,,"Apr 9, 2024"
Yi Xiang,['Amazon Web Services AI ML'],CO_AUTHOR,Towards Building a Robust Toxicity Predictor.pdf,,,,,"Apr 9, 2024"
Liutong Zhou,['Amazon Web Services AI ML'],CO_AUTHOR,Towards Building a Robust Toxicity Predictor.pdf,,,,,"Apr 9, 2024"
Yanjun Qi,['Amazon Web Services AI ML'],LAST_AUTHOR,Towards Building a Robust Toxicity Predictor.pdf,,,,,"Apr 9, 2024"
Yingxue Zhou,['Amazon Alexa AI'],FIRST_AUTHOR,Unified Contextual Query Rewriting.pdf,Proceedings of the 61st Annual Meeting of the Association for Computational Linguistics,,,,
Jie Hao,['Amazon Alexa AI'],CO_AUTHOR,Unified Contextual Query Rewriting.pdf,Proceedings of the 61st Annual Meeting of the Association for Computational Linguistics,,,,
Mukund Rungta,['Georgia Institute of Technology'],CO_AUTHOR,Unified Contextual Query Rewriting.pdf,Proceedings of the 61st Annual Meeting of the Association for Computational Linguistics,,United States,18,
Yang Liu,['Amazon Alexa AI'],CO_AUTHOR,Unified Contextual Query Rewriting.pdf,Proceedings of the 61st Annual Meeting of the Association for Computational Linguistics,,,,
Eunah Cho,['Amazon Alexa AI'],CO_AUTHOR,Unified Contextual Query Rewriting.pdf,Proceedings of the 61st Annual Meeting of the Association for Computational Linguistics,,,,
Xing Fan,['Amazon Alexa AI'],CO_AUTHOR,Unified Contextual Query Rewriting.pdf,Proceedings of the 61st Annual Meeting of the Association for Computational Linguistics,,,,
Yanbin Lu,['Amazon Alexa AI'],CO_AUTHOR,Unified Contextual Query Rewriting.pdf,Proceedings of the 61st Annual Meeting of the Association for Computational Linguistics,,,,
Vishal Vasudevan,['Amazon Alexa AI'],CO_AUTHOR,Unified Contextual Query Rewriting.pdf,Proceedings of the 61st Annual Meeting of the Association for Computational Linguistics,,,,
Kellen Gillespie,['Amazon Alexa AI'],CO_AUTHOR,Unified Contextual Query Rewriting.pdf,Proceedings of the 61st Annual Meeting of the Association for Computational Linguistics,,,,
Zeynab Raeesy,['Amazon Alexa AI'],CO_AUTHOR,Unified Contextual Query Rewriting.pdf,Proceedings of the 61st Annual Meeting of the Association for Computational Linguistics,,,,
Wei Shen,['Amazon Alexa AI'],CO_AUTHOR,Unified Contextual Query Rewriting.pdf,Proceedings of the 61st Annual Meeting of the Association for Computational Linguistics,,,,
Chenlei Guo,['Amazon Alexa AI'],CO_AUTHOR,Unified Contextual Query Rewriting.pdf,Proceedings of the 61st Annual Meeting of the Association for Computational Linguistics,,,,
Gokhan Tur,['Amazon Alexa AI'],LAST_AUTHOR,Unified Contextual Query Rewriting.pdf,Proceedings of the 61st Annual Meeting of the Association for Computational Linguistics,,,,
Jitenkumar Rana,['Amazon'],FIRST_AUTHOR,Weakly supervised hierarchical multi-task classification of customer questions.pdf,Proceedings of the 61st Annual Meeting of the Association for Computational Linguistics,,,,
Promod Yenigalla,['Amazon'],CO_AUTHOR,Weakly supervised hierarchical multi-task classification of customer questions.pdf,Proceedings of the 61st Annual Meeting of the Association for Computational Linguistics,,,,
Chetan Aggarwal,['Amazon'],CO_AUTHOR,Weakly supervised hierarchical multi-task classification of customer questions.pdf,Proceedings of the 61st Annual Meeting of the Association for Computational Linguistics,,,,
Sandeep Mukku,['Amazon'],CO_AUTHOR,Weakly supervised hierarchical multi-task classification of customer questions.pdf,Proceedings of the 61st Annual Meeting of the Association for Computational Linguistics,,,,
Manan Soni,['Amazon'],CO_AUTHOR,Weakly supervised hierarchical multi-task classification of customer questions.pdf,Proceedings of the 61st Annual Meeting of the Association for Computational Linguistics,,,,
Rashmi Patange,['Amazon'],LAST_AUTHOR,Weakly supervised hierarchical multi-task classification of customer questions.pdf,Proceedings of the 61st Annual Meeting of the Association for Computational Linguistics,,,,
Tianqi Wang,['University of Buffalo'],FIRST_AUTHOR,Weighted Contrastive Learning With False Negative Control to Help Long-tailed Product Classification.pdf,Proceedings of the 61st Annual Meeting of the Association for Computational Linguistics,,Brazil,,
Lei Chen,['Rakuten Institute of Technology'],CO_AUTHOR,Weighted Contrastive Learning With False Negative Control to Help Long-tailed Product Classification.pdf,Proceedings of the 61st Annual Meeting of the Association for Computational Linguistics,,Japan,,
Xiaodan Zhu,['Queen’s University'],CO_AUTHOR,Weighted Contrastive Learning With False Negative Control to Help Long-tailed Product Classification.pdf,Proceedings of the 61st Annual Meeting of the Association for Computational Linguistics,,Canada,292,
Younghun Lee,['Purdue University'],LAST_AUTHOR,Weighted Contrastive Learning With False Negative Control to Help Long-tailed Product Classification.pdf,Proceedings of the 61st Annual Meeting of the Association for Computational Linguistics,,United States,75,
Jing Gao,['Purdue University'],LAST_AUTHOR,Weighted Contrastive Learning With False Negative Control to Help Long-tailed Product Classification.pdf,Proceedings of the 61st Annual Meeting of the Association for Computational Linguistics,,United States,75,
Deuksin Kwon,"['SK Telecom, South Korea']",FIRST_AUTHOR,"What, When, and How to Ground Designing User Persona-Aware Conversational Agents for Engaging Dialog.pdf",Proceedings of the 61st Annual Meeting of the Association for Computational Linguistics,,South Korea,,"Jun 6, 2023"
Sunwoo Lee,"['SK Telecom, South Korea']",CO_AUTHOR,"What, When, and How to Ground Designing User Persona-Aware Conversational Agents for Engaging Dialog.pdf",Proceedings of the 61st Annual Meeting of the Association for Computational Linguistics,,South Korea,,"Jun 6, 2023"
Ki Hyun Kim,"['SK Telecom, South Korea']",CO_AUTHOR,"What, When, and How to Ground Designing User Persona-Aware Conversational Agents for Engaging Dialog.pdf",Proceedings of the 61st Annual Meeting of the Association for Computational Linguistics,,South Korea,,"Jun 6, 2023"
Seojin Lee,"['SK Telecom, South Korea']",CO_AUTHOR,"What, When, and How to Ground Designing User Persona-Aware Conversational Agents for Engaging Dialog.pdf",Proceedings of the 61st Annual Meeting of the Association for Computational Linguistics,,South Korea,,"Jun 6, 2023"
Taeyoon Kim,"['SK Telecom, South Korea']",CO_AUTHOR,"What, When, and How to Ground Designing User Persona-Aware Conversational Agents for Engaging Dialog.pdf",Proceedings of the 61st Annual Meeting of the Association for Computational Linguistics,,South Korea,,"Jun 6, 2023"
Eric Davis,"['SK Telecom, South Korea']",LAST_AUTHOR,"What, When, and How to Ground Designing User Persona-Aware Conversational Agents for Engaging Dialog.pdf",Proceedings of the 61st Annual Meeting of the Association for Computational Linguistics,,South Korea,,"Jun 6, 2023"
Xiaoyu Shen,['Amazon Alexa AI'],FIRST_AUTHOR,xPQA Cross-Lingual Product Question Answering in 12 Languages.pdf,Proceedings of the 61st Annual Meeting of the Association for Computational Linguistics,,,,"May 16, 2023"
Akari Asai,['University of Washington'],CO_AUTHOR,xPQA Cross-Lingual Product Question Answering in 12 Languages.pdf,Proceedings of the 61st Annual Meeting of the Association for Computational Linguistics,,United States,22,"May 16, 2023"
Bill Byrne,"['Amazon Alexa AI', 'University of Cambridge']",CO_AUTHOR,xPQA Cross-Lingual Product Question Answering in 12 Languages.pdf,Proceedings of the 61st Annual Meeting of the Association for Computational Linguistics,,United Kingdom,61,"May 16, 2023"
Adrià de Gispert,['Amazon Alexa AI'],LAST_AUTHOR,xPQA Cross-Lingual Product Question Answering in 12 Languages.pdf,Proceedings of the 61st Annual Meeting of the Association for Computational Linguistics,,,,"May 16, 2023"
Kaveri Kale,"['Department of Computer Science and Engineering, IIT Bombay, India']",FIRST_AUTHOR,“Knowledge is Power” Constructing Knowledge Graph of Abdominal Organs and Using Them for Automatic R.pdf,Proceedings of the 61st Annual Meeting of the Association for Computational Linguistics,,India,146,
Pushpak Bhattacharyya,"['Department of Computer Science and Engineering, IIT Bombay, India']",CO_AUTHOR,“Knowledge is Power” Constructing Knowledge Graph of Abdominal Organs and Using Them for Automatic R.pdf,Proceedings of the 61st Annual Meeting of the Association for Computational Linguistics,,India,146,
Aditya Shetty,"['Breach Candy Hospital, India']",CO_AUTHOR,“Knowledge is Power” Constructing Knowledge Graph of Abdominal Organs and Using Them for Automatic R.pdf,Proceedings of the 61st Annual Meeting of the Association for Computational Linguistics,,India,,
Milind Gune,['Augnito India Private Limited'],CO_AUTHOR,“Knowledge is Power” Constructing Knowledge Graph of Abdominal Organs and Using Them for Automatic R.pdf,Proceedings of the 61st Annual Meeting of the Association for Computational Linguistics,,India,,
Kush Shrivastava,['Augnito India Private Limited'],CO_AUTHOR,“Knowledge is Power” Constructing Knowledge Graph of Abdominal Organs and Using Them for Automatic R.pdf,Proceedings of the 61st Annual Meeting of the Association for Computational Linguistics,,India,,
Rustom Lawyer,['Augnito India Private Limited'],CO_AUTHOR,“Knowledge is Power” Constructing Knowledge Graph of Abdominal Organs and Using Them for Automatic R.pdf,Proceedings of the 61st Annual Meeting of the Association for Computational Linguistics,,India,,
Spriha Biswas,['Augnito India Private Limited'],LAST_AUTHOR,“Knowledge is Power” Constructing Knowledge Graph of Abdominal Organs and Using Them for Automatic R.pdf,Proceedings of the 61st Annual Meeting of the Association for Computational Linguistics,,India,,
Abisek Rajakumar Kalarani,"['Department of Computer Science and Engineering, IIT Bombay, India']",FIRST_AUTHOR,“Let’s not Quote out of Context” Unified Vision-Language Pretraining for Context Assisted Image Capt.pdf,Proceedings of the 61st Annual Meeting of the Association for Computational Linguistics,,India,146,
Pushpak Bhattacharyya,"['Department of Computer Science and Engineering, IIT Bombay, India']",CO_AUTHOR,“Let’s not Quote out of Context” Unified Vision-Language Pretraining for Context Assisted Image Capt.pdf,Proceedings of the 61st Annual Meeting of the Association for Computational Linguistics,,India,146,
Niyati Chhaya,"['Adobe Research, India']",CO_AUTHOR,“Let’s not Quote out of Context” Unified Vision-Language Pretraining for Context Assisted Image Capt.pdf,Proceedings of the 61st Annual Meeting of the Association for Computational Linguistics,,India,,
Sumit Shekhar,"['Adobe Research, India']",LAST_AUTHOR,“Let’s not Quote out of Context” Unified Vision-Language Pretraining for Context Assisted Image Capt.pdf,Proceedings of the 61st Annual Meeting of the Association for Computational Linguistics,,India,,
