Label,Year,CfP->Review,<30d,<60d,<90d,<180d,>180d,Total bucketed
ICLR-O,2023,17,1,2,1,7,1,29
ICLR-O,2024,27,4,2,2,10,4,49
ICLR-O,2025,0,0,0,0,0,0,0
ICLR-P,2023,204,47,14,36,126,57,484
ICLR-P,2024,405,81,31,60,191,74,842
ICLR-P,2025,364,40,18,65,195,80,762
ICLR-S,2023,44,12,4,9,39,16,124
ICLR-S,2024,77,24,16,11,33,17,178
ICLR-S,2025,106,8,9,15,47,28,213
ICML-O,2023,0,0,0,0,0,0,0
ICML-O,2024,41,5,7,3,8,5,69
ICML-O,2025,41,3,4,3,5,9,65
ICML-O/P,2023,39,8,8,4,13,2,74
ICML-O/P,2024,0,0,0,0,0,0,0
ICML-O/P,2025,0,0,0,0,0,0,0
ICML-P,2023,0,0,0,0,0,0,0
ICML-P,2024,494,61,57,49,148,172,981
ICML-P,2025,631,90,84,82,255,198,1340
ICML-S,2023,0,0,0,0,0,0,0
ICML-S,2024,59,0,4,7,13,10,93
ICML-S,2025,41,3,9,6,12,13,84
NeurIPS-O,2023,25,7,1,2,2,3,40
NeurIPS-O,2024,17,6,4,4,4,1,36
NeurIPS-O,2025,31,7,3,3,2,3,49
NeurIPS-P,2023,718,133,59,68,151,96,1225
NeurIPS-P,2024,902,191,86,120,245,136,1680
NeurIPS-P,2025,1175,242,115,144,250,178,2104
NeurIPS-S,2023,138,22,8,6,30,12,216
NeurIPS-S,2024,107,14,11,16,23,7,178
NeurIPS-S,2025,198,48,16,27,51,20,360
ACL-O,2023,0,0,0,0,0,0,0
ACL-O,2024,0,0,0,0,0,0,0
ACL-O,2025,19,2,8,4,12,9,54
ACL-P,2023,0,0,0,0,0,0,0
ACL-P,2024,0,0,0,0,0,0,0
ACL-P,2025,299,53,92,51,130,133,758
EMNLP-O,2023,1,2,17,1,6,10,37
EMNLP-O,2024,0,0,0,0,0,0,0
EMNLP-O,2025,44,3,9,23,10,12,101
EMNLP-P,2023,4,63,188,26,49,54,384
EMNLP-P,2024,0,0,0,0,0,0,0
EMNLP-P,2025,379,62,71,173,156,175,1016
COLING-O,2023,0,0,0,0,0,0,0
COLING-O,2024,0,0,0,0,0,0,0
COLING-O,2025,3,6,2,6,8,3,28
COLING-P,2023,0,0,0,0,0,0,0
COLING-P,2024,0,0,0,0,0,0,0
COLING-P,2025,25,9,4,14,19,29,100
AAAI-O,2023,0,0,0,0,0,0,0
AAAI-O,2024,4,3,0,0,6,3,16
AAAI-O,2025,0,0,0,0,0,0,0
AAAI-P,2023,0,0,0,0,0,0,0
AAAI-P,2024,149,51,35,60,99,90,484
AAAI-P,2025,0,0,0,0,0,0,0

Matched oral title sources
Conference,Year,Source,Titles,Matched records,Poster records
EMNLP,2023,2023_emnlp_oral.csv,240,110,1318
AAAI,2024,AAAI2024_oral_papers.csv,50,50,2814
ACL,2025,oral_acl_2025.csv,297,175,2205
COLING,2025,oral_coling_2025.csv,241,86,319
EMNLP,2025,oral_emnlp_2025.csv,357,218,2693
