Conference,Year,Submission Deadline,Review deadline
ICML,2023,26.01.2023,13.03.2023
ICML,2024,01.02.2024,20.03.2024
ICML,2025,30.01.2025,13.03.2025
ICLR,2023,28.09.2022,05.11.2022
ICLR,2024,28.09.2023,31.10.2023 (info not from website)
ICLR,2025,01.10.2024,03.11.2024
NeurIPS,2023,17.05.2023,10.08.2023
NeurIPS,2024,22.05.2024,06.08.2024
NeurIPS,2025,15.05.2025,30.07.2025
KDD,2023,02.02.2023,27.04.2023
KDD,2024,08.02.2024,18.04.2024
KDD,2025,10.02.2025,18.04.2025
ACL,2023,20.01.2023 (direct); 15.12.2022 (ARR),07.04.2023
ACL,2024,15.02.2024,15.04.2024
ACL,2025,15.02.2025,15.04.2025
CVPR,2023,11.11.2022,24.01.2023
CVPR,2024,18.11.2023,24.01.2024
CVPR,2025,15.11.2024,23.01.2025
EMNLP,2023,23.06.2023,22.08.2023
EMNLP,2024,15.06.2024,20.08.2024
EMNLP,2025,19.05.2025,18.06.2025
COLING,2024,20.10.2023,29.11.2024
COLING,2025,16.09.2024,20.10.2024
AAAI,2023,15.08.2022,27.09.2022
AAAI,2024,15.08.2023,27.09.2023
AAAI,2025,15.08.2024,14.10.2024
